id,name,slug,type,category,area,description,detailedDescription,image1,image1Desc,image1FileId,image2,image2Desc,image2FileId,image3,image3Desc,image3FileId,website,phone,address,authorName,publishedDate,modifiedDate,directionsLink,amenities,featured,googleMapsUrl
1,Rapunzel’s Coffee & Books,rapunzels-coffee-books,Coffee Shops,,Lovingston,"Eclectic arts venue, used bookstore, and coffee shop that hosts live music three nights a week and pours Nelson County beer, wine, and cider in a living-room-style space with free Wi-Fi.","Rapunzel's Coffee and Books is an eclectic arts venue, community space, coffee shop, and used bookstore located in The Packing Shed in historic Lovingston, Virginia. 

Rapunzel's Further Ado Foundation hosts live music every Wednesday, Friday, and Saturday evenings starting at 8pm. Rapunzel's is a listening-room, living-room-style environment. 

Come get comfortable with a good book and a cup of coffee or tea, and settle in for an evening of music on the couch of your choice. We have free wi-fi and serve only Nelson County local brews (wine, beer, and, cider).",https://ik.imagekit.io/OE/nelson-county/listings/fall_tAZzrexkk.jpg,Exterior of Rapunzel’s Coffee & Books restaurant,,https://ik.imagekit.io/OE/nelson-county/listings/rapunzel-s-coffee-books-image1_xkLb0D2M8,Dining area at Rapunzel’s Coffee & Books,,,,,https://www.rapunzelscoffeeandbooks.org/,(434) 263-6660,"956 Front Street, Lovingston, VA 22949",josh,,,https://www.google.com/maps/dir/?api=1&destination=956%20Front%20Street%2C%20Lovingston%2C%20VA%2022949,Live Music; Retail; Wi-Fi; Beer; Cider; Wine; Local Ingredients; Coffee; Tea,true,https://www.google.com/maps/dir/?api=1&destination=956%20Front%20Street%2C%20Lovingston%2C%20VA%2022949
2,Sweet Bliss Bakery,sweet-bliss-bakery,Coffee Shops,,Nellysford,"Handcrafts cheesecakes, cakes, and pastries with local seasonal ingredients, plus Virginia’s Finest soups and a specialty quiche made fresh daily.","Our desserts are lovingly handcrafted from the finest ingredients. We love supporting our local farmers, and offer seasonal desserts so they are at their peak of freshness. We are passionate about creating fresh, decadent desserts, and seeing our clients smile. Our specialty are cheesecakes and cakes. We have over 50 flavors, and are always creating new flavors. We take our time to bake the highest quality desserts and hand- decorate each creation, so no two are alike. Many of our cakes are infused with liqueurs to enhance their natural flavors, decorated with nuts, candies, fresh fruits and a variety of chocolates. In addition to cheesecakes and cakes, we offer a full-line menu of pastry items such as pies, scones, muffins, cookies, brownies, blondies, cream puffs, eclairs and other scrumptious desserts. Our desserts carry the Virginia's Finest label to ensure the finest quality possible. They are never frozen, and contain no preservatives, additives or fillers. Offering a homemade soup of the day and a specialty quiche of the day.",https://ik.imagekit.io/OE/nelson-county/listings/sweet-bliss-bakery-image1_FHF7TQVl9,Exterior view of Sweet Bliss Bakery,,,,,,,,https://www.facebook.com/thecheesecakelady123/,(434) 465-6776,"2789 Rockfish Valley Highway, Nellysford, VA 22958",josh,,,https://www.google.com/maps/dir/?api=1&destination=2789%20Rockfish%20Valley%20Highway%2C%20Nellysford%2C%20VA%2022958,Local Ingredients; Seasonal Menu; Coffee; Tea; Cafe,false,https://www.google.com/maps/dir/?api=1&destination=2789%20Rockfish%20Valley%20Highway%2C%20Nellysford%2C%20VA%2022958
3,Terrace Café,terrace-cafe-at-wintergreen-resort,Coffee Shops,,Wintergreen Resort,"Wintergreen Resort café pouring Starbucks beverages with breakfast sandwiches, sweet treats, and warm specialty drinks for skiers and resort guests.","Wintergreen Resort café pouring Starbucks beverages with breakfast sandwiches, sweet treats, and warm specialty drinks for skiers and resort guests.",https://ik.imagekit.io/OE/nelson-county/listings/terrace-caf--image1_rtR-GB-_3,Exterior view of Terrace Café,,,,,,,,https://www.wintergreenresort.com/terrace-cafe/,(434) 325-8080,"39 Mountain Inn Loop, Wintergreen, VA 22958",josh,,,https://www.google.com/maps/dir/?api=1&destination=39%20Mountain%20Inn%20Loop%2C%20Wintergreen%2C%20VA%2022958,Breakfast; Desserts; Seasonal Menu; Coffee; Tea; Cafe,false,https://www.google.com/maps/dir/?api=1&destination=39%20Mountain%20Inn%20Loop%2C%20Wintergreen%2C%20VA%2022958
4,Trager Brothers Coffee 1.0,trager-brothers-coffee-1-0,Coffee Shops,,Lovingston,Small-batch organic roastery and café in downtown Lovingston roasting to order and serving certified organic coffee sourced through long-term sustainable partnerships.,Small-batch organic roastery and café in downtown Lovingston roasting to order and serving certified organic coffee sourced through long-term sustainable partnerships.,https://ik.imagekit.io/OE/nelson-county/listings/trager-brothers-coffee-1-0-image1_CD5zSPxJ7,Exterior of Trager Brothers Coffee 1.0 restaurant,,,,,,,,https://www.tbcroasters.com/,(434) 996-3138,"486 Front Street, Lovingston, VA 22949",josh,,,https://www.google.com/maps/dir/?api=1&destination=486%20Front%20Street%2C%20Lovingston%2C%20VA%2022949,Coffee; Organic; Order Pickup; Tea; Cafe,true,https://www.google.com/maps/dir/?api=1&destination=486%20Front%20Street%2C%20Lovingston%2C%20VA%2022949
5,Trager Brothers Coffee 2.0,trager-brothers-coffee-2-0,Coffee Shops,,Afton,"Organic coffeehouse at the Rockfish Valley School campus with freshly roasted beans, espresso drinks, and grab-and-go service from Trager Brothers Coffee.","Organic coffeehouse at the Rockfish Valley School campus with freshly roasted beans, espresso drinks, and grab-and-go service from Trager Brothers Coffee.",https://ik.imagekit.io/OE/nelson-county/listings/trager-brothers-coffee-2-0-image1_onAYYsQs0L,Exterior of Trager Brothers Coffee 2.0 restaurant,,,,,,,,https://www.tbcroasters.com/,(434) 263-8916,"190 Rockfish Valley School Lane, Afton, VA 22920",josh,,,https://www.google.com/maps/dir/?api=1&destination=190%20Rockfish%20Valley%20School%20Lane%2C%20Afton%2C%20VA%2022920,Coffee; Organic; Bar; Tea; Cafe,false,https://www.google.com/maps/dir/?api=1&destination=190%20Rockfish%20Valley%20School%20Lane%2C%20Afton%2C%20VA%2022920
6,Afton Market,afton-market,Markets & Delis,,Afton,"Locally owned convenience store and gas station with a breakfast-and-lunch deli known for fried chicken, fresh coffee, and fountain drinks.","Locally owned convenience store and gas station with a breakfast-and-lunch deli known for fried chicken, fresh coffee, and fountain drinks.",https://ik.imagekit.io/OE/nelson-county/listings/afton-market-image1_TRZCedQPe,Exterior of Afton Market restaurant,,,,,,,,,(540) 456-6111,"10185 Rockfish Valley Highway, Afton, VA 22920",josh,,,https://www.google.com/maps/dir/?api=1&destination=10185%20Rockfish%20Valley%20Highway%2C%20Afton%2C%20VA%2022920,Retail; Fuel; Breakfast; Deli; Coffee; Tea; Lunch; Market,false,https://www.google.com/maps/dir/?api=1&destination=10185%20Rockfish%20Valley%20Highway%2C%20Afton%2C%20VA%2022920
7,Ashley’s Market,ashleys-market,Markets & Delis,,Afton,"Family-run convenience and gas stop with a deli serving breakfast biscuits, lunch sandwiches, fried chicken, and deli salads.","Family-run convenience and gas stop with a deli serving breakfast biscuits, lunch sandwiches, fried chicken, and deli salads.",https://ik.imagekit.io/OE/nelson-county/listings/ashley-s-market-image1_-O8C_lefS,Storefront of Ashley’s Market,,https://ik.imagekit.io/OE/nelson-county/listings/ashley-s-market-image2_BHBW3b0b2,Interior of Ashley’s Market,,,,,https://www.facebook.com/ashleysmaket151/,(434) 361-2087,"6445 Rockfish Valley Highway, Afton, VA 22920",josh,,,https://www.google.com/maps/dir/?api=1&destination=6445%20Rockfish%20Valley%20Highway%2C%20Afton%2C%20VA%2022920,Fuel; Breakfast; Deli; Lunch; Market,false,https://www.google.com/maps/dir/?api=1&destination=6445%20Rockfish%20Valley%20Highway%2C%20Afton%2C%20VA%2022920
8,Chicken Coop,chicken-coop,Markets & Delis,,Lovingston,"Counter-service kitchen inside Nelson Food Mart offering fried chicken, barbecue, burgers, and sandwiches made to order.","Counter-service kitchen inside Nelson Food Mart offering fried chicken, barbecue, burgers, and sandwiches made to order.",https://ik.imagekit.io/OE/nelson-county/listings/chicken-coop-image1_PIMkxTnKd,Exterior view of Chicken Coop,,,,,,,,,(434) 263-7818,"40 Front Street, Lovingston, VA 22949",josh,,,https://www.google.com/maps/dir/?api=1&destination=40%20Front%20Street%2C%20Lovingston%2C%20VA%2022949,BBQ; Retail; Full Kitchen; Market; Deli,false,https://www.google.com/maps/dir/?api=1&destination=40%20Front%20Street%2C%20Lovingston%2C%20VA%2022949
9,Colleen Deli,colleen-deli,Markets & Delis,,Arrington,"Exxon deli serving all-day breakfast, daily lunch specials, sandwiches, wraps, and homemade baked goods with a summertime salad bar.","Exxon deli serving all-day breakfast, daily lunch specials, sandwiches, wraps, and homemade baked goods with a summertime salad bar.",https://ik.imagekit.io/OE/nelson-county/listings/colleen-deli-image1_Qm3EZKyhY,Storefront of Colleen Deli,,,,,,,,,(434) 263-8300,"4071 Thomas Nelson Hwy, Arrington, VA 22922",josh,,,https://www.google.com/maps/dir/?api=1&destination=4071%20Thomas%20Nelson%20Hwy%2C%20Arrington%2C%20VA%2022922,Breakfast; Lunch; Bar; Seasonal Menu; Bakery; Baked Goods; Deli; Market,false,https://www.google.com/maps/dir/?api=1&destination=4071%20Thomas%20Nelson%20Hwy%2C%20Arrington%2C%20VA%2022922
10,Corner Market,corner-market,Markets & Delis,,Schuyler,Neighborhood convenience store and gas station with a short-order deli serving breakfast biscuits and hot lunch items.,Neighborhood convenience store and gas station with a short-order deli serving breakfast biscuits and hot lunch items.,https://ik.imagekit.io/OE/nelson-county/listings/corner-market-image1_wiPXqe1ES,Storefront of Corner Market,,,,,,,,,(434) 263-5500,"11309 James River Road, Shipman, VA 22971",josh,,,https://www.google.com/maps/dir/?api=1&destination=11309%20James%20River%20Road%2C%20Shipman%2C%20VA%2022971,Retail; Fuel; Breakfast; Deli; Lunch; Market,false,https://www.google.com/maps/dir/?api=1&destination=11309%20James%20River%20Road%2C%20Shipman%2C%20VA%2022971
11,Graves Grocery & Deli,graves-grocery-deli,Markets & Delis,,Nellysford,"Local grocery, gas, and deli stop with breakfast and lunch service for travelers along Route 151.","Local grocery, gas, and deli stop with breakfast and lunch service for travelers along Route 151.",https://ik.imagekit.io/OE/nelson-county/listings/graves-grocery-deli-image1_DBJko9s0a,Storefront of Graves Grocery & Deli,,,,,,,,,(434) 361-2504,"1779 Rockfish Valley Highway, Nellysford, VA 22958",josh,,,https://www.google.com/maps/dir/?api=1&destination=1779%20Rockfish%20Valley%20Highway%2C%20Nellysford%2C%20VA%2022958,Retail; Fuel; Breakfast; Lunch; Deli; Market,false,https://www.google.com/maps/dir/?api=1&destination=1779%20Rockfish%20Valley%20Highway%2C%20Nellysford%2C%20VA%2022958
12,Hickman’s Exxon Grocery,hickmans-exxon-grocery,Markets & Delis,,Roseland,"Exxon convenience store with breakfast and lunch deli, full game checking station, and hunting supplies.","Exxon convenience store with breakfast and lunch deli, full game checking station, and hunting supplies.",https://ik.imagekit.io/OE/nelson-county/listings/hickman-s-exxon-grocery-image1_s5gtjxUQJ,Storefront of Hickman’s Exxon Grocery,,,,,,,,,(434) 361-1205,"1311 Beech Grove Road, Roseland, VA 22967",josh,,,https://www.google.com/maps/dir/?api=1&destination=1311%20Beech%20Grove%20Road%2C%20Roseland%2C%20VA%2022967,Fuel; Breakfast; Lunch; Deli; Hunting; Market,false,https://www.google.com/maps/dir/?api=1&destination=1311%20Beech%20Grove%20Road%2C%20Roseland%2C%20VA%2022967
13,IGA Blue Ridge Grocery,iga-blue-ridge-grocery,Markets & Delis,,Nellysford,"Community supermarket providing full groceries, everyday essentials, and friendly service in the Rockfish Valley.","Community supermarket providing full groceries, everyday essentials, and friendly service in the Rockfish Valley.",https://ik.imagekit.io/OE/nelson-county/listings/iga-blue-ridge-grocery-image1_9UYmGsIn7,Storefront of IGA Blue Ridge Grocery,,,,,,,,,(434) 361-1105,"2797 Rockfish Valley Highway, Nellysford, VA 22958",josh,,,https://www.google.com/maps/dir/?api=1&destination=2797%20Rockfish%20Valley%20Highway%2C%20Nellysford%2C%20VA%2022958,Market; Local Ingredients; Order Pickup; Parking; Deli,false,https://www.google.com/maps/dir/?api=1&destination=2797%20Rockfish%20Valley%20Highway%2C%20Nellysford%2C%20VA%2022958
14,Ike’s Market & Deli,ikes-market-deli,Markets & Delis,,Schuyler,"Riverside convenience store and deli featuring hot menu specials, grab-and-go items, and a game checking station.","Riverside convenience store and deli featuring hot menu specials, grab-and-go items, and a game checking station.",https://ik.imagekit.io/OE/nelson-county/listings/ike-s-market-deli-image1_7BFICV0DZ,Storefront of Ike’s Market & Deli,,,,,,,,,(434) 831-1185,"6597 Rockfish River Road, Schuyler, VA 22969",josh,,,https://www.google.com/maps/dir/?api=1&destination=6597%20Rockfish%20River%20Road%2C%20Schuyler%2C%20VA%2022969,Retail; Deli; Hunting; Market,true,https://www.google.com/maps/dir/?api=1&destination=6597%20Rockfish%20River%20Road%2C%20Schuyler%2C%20VA%2022969
15,Indian Oven,indian-oven,Markets & Delis,,Lovingston,"Family-run Indian restaurant serving curries, tandoori favorites, and coconut-forward dishes crafted with fresh ingredients in a welcoming setting.","Family-run Indian restaurant serving curries, tandoori favorites, and coconut-forward dishes crafted with fresh ingredients in a welcoming setting.",https://ik.imagekit.io/OE/nelson-county/listings/indian-oven-image1_0QlheMSPI,Exterior of Indian Oven restaurant,,,,,,,,,(434) 263-4080,"10749 Thomas Nelson Hwy, Lovingston, VA 22949",josh,,,https://www.google.com/maps/dir/?api=1&destination=10749%20Thomas%20Nelson%20Hwy%2C%20Lovingston%2C%20VA%2022949,Takeout; Family Friendly; Market; Deli,false,https://www.google.com/maps/dir/?api=1&destination=10749%20Thomas%20Nelson%20Hwy%2C%20Lovingston%2C%20VA%2022949
16,Mac’s Country Store,macs-country-store,Markets & Delis,,Roseland,"Country store at the crossroads of Routes 151 and 56 with breakfast, lunch, dinner plates, famous fried chicken, and antiques for sale.","Country store at the crossroads of Routes 151 and 56 with breakfast, lunch, dinner plates, famous fried chicken, and antiques for sale.",https://ik.imagekit.io/OE/nelson-county/listings/mac-s-country-store-image1_Gk_Ua_dFF,Storefront of Mac’s Country Store,,https://ik.imagekit.io/OE/nelson-county/listings/mac-s-country-store-image2_YzwsuX-Df,Interior of Mac’s Country Store,,https://ik.imagekit.io/OE/nelson-county/listings/mac-s-country-store-image3_SvqK4KDnb,Interior of Mac’s Country Store,,,(434) 277-5305,"7023 Patrick Henry Highway, Roseland, VA 22967",josh,,,https://www.google.com/maps/dir/?api=1&destination=7023%20Patrick%20Henry%20Highway%2C%20Roseland%2C%20VA%2022967,Breakfast; Lunch; Dinner; Takeout; Market; Deli,false,https://www.google.com/maps/dir/?api=1&destination=7023%20Patrick%20Henry%20Highway%2C%20Roseland%2C%20VA%2022967
17,Subway,subway,Markets & Delis,,Lovingston,"Subway franchise in Annie Land Plaza making customizable sandwiches, salads, and wraps seven days a week.","Subway franchise in Annie Land Plaza making customizable sandwiches, salads, and wraps seven days a week.",https://ik.imagekit.io/OE/nelson-county/listings/subway-image1_ASH5hYhT2,Exterior view of Subway,,https://ik.imagekit.io/OE/nelson-county/listings/subway-image2_FsH2B7eDE,Interior view of Subway,,,,,https://restaurants.subway.com/united-states/va/lovingston/65-callohill-drive,(434) 263-6800,"65 Callohill Drive, Lovingston, VA 22949",josh,,,https://www.google.com/maps/dir/?api=1&destination=65%20Callohill%20Drive%2C%20Lovingston%2C%20VA%2022949,Deli; Market,false,https://www.google.com/maps/dir/?api=1&destination=65%20Callohill%20Drive%2C%20Lovingston%2C%20VA%2022949
18,The Market at Wintergreen,the-market-at-wintergreen,Markets & Delis,,Wintergreen Resort,"Wintergreen Resort’s convenience market offering groceries, deli meals, branded apparel, and fuel for mountain guests.","Wintergreen Resort’s convenience market offering groceries, deli meals, branded apparel, and fuel for mountain guests.",https://ik.imagekit.io/OE/nelson-county/listings/the-market-at-wintergreen-image1_mYJhz6AkM,Storefront of The Market at Wintergreen,,,,,,,,,(434) 325-8224,"189 Mountain Inn Loop, Wintergreen, VA 22958",josh,,,https://www.google.com/maps/dir/?api=1&destination=189%20Mountain%20Inn%20Loop%2C%20Wintergreen%2C%20VA%2022958,Deli; Resort; Fuel; Market,false,https://www.google.com/maps/dir/?api=1&destination=189%20Mountain%20Inn%20Loop%2C%20Wintergreen%2C%20VA%2022958
19,Williams Grocery,williams-grocery,Markets & Delis,,Schuyler,"Rural grocery and gas station carrying local honey, bait, and fishing supplies alongside everyday essentials.","Rural grocery and gas station carrying local honey, bait, and fishing supplies alongside everyday essentials.",https://ik.imagekit.io/OE/nelson-county/listings/williams-grocery-image1_7ZxBQDA49,Storefront of Williams Grocery,,,,,,,,,(434) 263-4746,"439 Williamstown Road, Shipman, VA 22971",josh,,,https://www.google.com/maps/dir/?api=1&destination=439%20Williamstown%20Road%2C%20Shipman%2C%20VA%2022971,Retail; Fuel; Local Ingredients; Market; Deli; Water Sports,false,https://www.google.com/maps/dir/?api=1&destination=439%20Williamstown%20Road%2C%20Shipman%2C%20VA%2022971
20,Ann’s Family Restaurant,anns-family-restaurant,Restaurants,,Arrington,Ann’s Family Restaurant serves classic country cooking with daily specials and fresh vegetables for dine-in comfort in Arrington.,Ann’s Family Restaurant serves classic country cooking with daily specials and fresh vegetables for dine-in comfort in Arrington.,https://ik.imagekit.io/OE/nelson-county/listings/ann-s-family-restaurant-image1_wg1eO0bow,Exterior of Ann’s Family Restaurant restaurant,,,,,,,,,(434) 263-8110,"1170 Thomas Nelson Highway, Arrington, VA 22922",josh,,,https://www.google.com/maps/dir/?api=1&destination=1170%20Thomas%20Nelson%20Highway%2C%20Arrington%2C%20VA%2022922,Family Friendly,false,https://www.google.com/maps/dir/?api=1&destination=1170%20Thomas%20Nelson%20Highway%2C%20Arrington%2C%20VA%2022922
21,Basic Necessities,basic-necessities,Restaurants,,Nellysford,"Basic Necessities is a European-inspired café, wine, and cheese shop in the Rockfish Valley serving soups, salads, seasonal dinners with live music, and a popular Sunday brunch.","Basic Necessities is an off-beat café, wine and cheese shop nestled in the Rockfish Valley of the Blue Ridge Mountains near Nellysford, Virginia. Since 1997 it has been offering what many call a taste of Europe in the Blue Ridge Mountains. It is known for in great wines at affordable prices, imported cheeses, a source of fresh local baked breads, and delicious meals in a colorful and creative atmosphere. The staff welcomes locals, skiers at Wintergreen Resort, traveling foodies, and those simply exploring beautiful Nelson County. At lunch they have long featured Sue Pfaltz's delicious and innovative soups, big house salads, and seasonal specialties. Reservations are advised for Friday and Saturday night dinners where guests find creatively-prepared dishes and musical entertainment. The popular Sunday brunch is from 10-2 and frequently features a harpist during the middle of the day.",https://ik.imagekit.io/OE/nelson-county/listings/basic-necessities-image1_xjB3aTYi6,Exterior view of Basic Necessities,,,,,,,,,(434) 361-1776,"2226 Rockfish Valley Highway, Nellysford, VA 22958",josh,,,https://www.google.com/maps/dir/?api=1&destination=2226%20Rockfish%20Valley%20Highway%2C%20Nellysford%2C%20VA%2022958,Wine; Retail; Dinner; Live Music; Brunch,false,https://www.google.com/maps/dir/?api=1&destination=2226%20Rockfish%20Valley%20Highway%2C%20Nellysford%2C%20VA%2022958
22,Blue Mountain Brewery,blue-mountain-brewery,Breweries & Cideries,,Afton,Route 151 brewpub pouring flagship and seasonal ales alongside a from-scratch kitchen with sweeping Blue Ridge views.,Route 151 brewpub pouring flagship and seasonal ales alongside a from-scratch kitchen with sweeping Blue Ridge views.,https://ik.imagekit.io/OE/nelson-county/listings/blue-mountain-brewery-image1_tGxjiiEoX,Exterior view of Blue Mountain Brewery,,,,,,,,https://www.bluemountainbrewery.com/,(540) 456-8020,"9519 Critzers Shop Road, Afton, VA 22920",josh,,,https://www.google.com/maps/dir/?api=1&destination=9519%20Critzers%20Shop%20Road%2C%20Afton%2C%20VA%2022920,Outdoor Seating; Events; Family Friendly; Tastings; Scenic Views; Full Kitchen; Beer; Cider,false,https://www.google.com/maps/dir/?api=1&destination=9519%20Critzers%20Shop%20Road%2C%20Afton%2C%20VA%2022920
23,Blue Ridge Pig,blue-ridge-pig,Restaurants,,Nellysford,"Blue Ridge Pig is a roadside smokehouse known for Strawberry Goodwin’s on-site smoked meats, from classic pulled pork with slaw to Turkey Croissants with signature dill sauce.","Blue Ridge Pig is a roadside smokehouse known for Strawberry Goodwin’s on-site smoked meats, from classic pulled pork with slaw to Turkey Croissants with signature dill sauce.",https://ik.imagekit.io/OE/nelson-county/listings/blue-ridge-pig-image1_yZZLDI6Ia,Exterior view of Blue Ridge Pig,,,,,,,,,(434) 361-1170,"2198 Rockfish Valley Highway, Nellysford, VA 22958",josh,,,https://www.google.com/maps/dir/?api=1&destination=2198%20Rockfish%20Valley%20Highway%2C%20Nellysford%2C%20VA%2022958,BBQ; Takeout; Scenic Views,false,https://www.google.com/maps/dir/?api=1&destination=2198%20Rockfish%20Valley%20Highway%2C%20Nellysford%2C%20VA%2022958
24,Bold Kitchen at Bold Rock,bold-kitchen-at-bold-rock,Restaurants,,Nellysford,"Bold Kitchen at Bold Rock serves scratch-made pub fare, sharable plates, and seasonal specials alongside cider flights inside the Bold Rock Cider Barn on Nelson 151.","Bold Kitchen at Bold Rock serves scratch-made pub fare, sharable plates, and seasonal specials alongside cider flights inside the Bold Rock Cider Barn on Nelson 151.",https://ik.imagekit.io/OE/nelson-county/listings/bold-kitchen-at-bold-rock-image1_XleEsXz-D,Exterior of Bold Kitchen at Bold Rock brewery,,,,,,,,,,"1020 Rockfish Valley Highway, Nellysford, VA 22958",josh,,,https://www.google.com/maps/dir/?api=1&destination=1020%20Rockfish%20Valley%20Highway%2C%20Nellysford%2C%20VA%2022958,Bar; Cider; Tastings; Full Kitchen,false,https://www.google.com/maps/dir/?api=1&destination=1020%20Rockfish%20Valley%20Highway%2C%20Nellysford%2C%20VA%2022958
25,Chen’s Restaurant,chens-restaurant,Restaurants,,Lovingston,"Chen’s Restaurant in Lovingston prepares made-to-order Chinese favorites for dine-in or takeout, with weekday lunch specials in Annie Land Plaza just off Route 29.","Chen’s Restaurant in Lovingston prepares made-to-order Chinese favorites for dine-in or takeout, with weekday lunch specials in Annie Land Plaza just off Route 29.",https://ik.imagekit.io/OE/nelson-county/listings/chen-s-restaurant-image1_yGrDjUjGy,Exterior of Chen’s Restaurant restaurant,,,,,,,,,(434) 263-8865,"73 Callohill Drive, Lovingston, VA 22949",josh,,,https://www.google.com/maps/dir/?api=1&destination=73%20Callohill%20Drive%2C%20Lovingston%2C%20VA%2022949,Takeout; Lunch,false,https://www.google.com/maps/dir/?api=1&destination=73%20Callohill%20Drive%2C%20Lovingston%2C%20VA%2022949
26,Chirio’s Pizza,chirios-pizza,Restaurants,,Nellysford,"Chirio’s Pizza is Nelson County’s longest-running pizzeria, serving New York-style pies, subs, salads, and ice cream with eat-in, takeout, and delivery options from Valley Green Shopping Center.","Chirio’s Pizza is Nelson County’s longest-running pizzeria, serving New York-style pies, subs, salads, and ice cream with eat-in, takeout, and delivery options from Valley Green Shopping Center.",https://ik.imagekit.io/OE/nelson-county/listings/chirio-s-pizza-image1_UVtpKdV9N,Storefront of Chirio’s Pizza,,,,,,,,,(434) 361-9188,"2777 Rockfish Valley Highway, Nellysford, VA 22958",josh,,,https://www.google.com/maps/dir/?api=1&destination=2777%20Rockfish%20Valley%20Highway%2C%20Nellysford%2C%20VA%2022958,Family Friendly; Takeout; Delivery; Desserts; Pizza,false,https://www.google.com/maps/dir/?api=1&destination=2777%20Rockfish%20Valley%20Highway%2C%20Nellysford%2C%20VA%2022958
27,Coquito Kitchen,coquito-kitchen,Restaurants,,Nellysford,"Coquito Kitchen blends Argentine and Southern comfort fare out of the Rockfish Valley Community Center, offering lunch Thursday through Saturday with rotating empanadas, sandwiches, and sides.","Coquito Kitchen blends Argentine and Southern comfort fare out of the Rockfish Valley Community Center, offering lunch Thursday through Saturday with rotating empanadas, sandwiches, and sides.",https://ik.imagekit.io/OE/nelson-county/listings/coquito-kitchen-image1_0G55fEaHh,Exterior view of Coquito Kitchen,,,,,,,,,,"190 Rockfish School Lane, Afton, VA 22920",josh,,,https://www.google.com/maps/dir/?api=1&destination=190%20Rockfish%20School%20Lane%2C%20Afton%2C%20VA%2022920,Lunch; Full Kitchen,false,https://www.google.com/maps/dir/?api=1&destination=190%20Rockfish%20School%20Lane%2C%20Afton%2C%20VA%2022920
28,Devils Backbone Brewing,devils-backbone-brewing,Restaurants,,Roseland,"Devils Backbone Basecamp pairs a wood-fired kitchen with 16 taps of house beer, coffee bar mornings, and meadow seating for concerts and events.","Devils Backbone Basecamp pairs a wood-fired kitchen with 16 taps of house beer, coffee bar mornings, and meadow seating for concerts and events.",https://ik.imagekit.io/OE/nelson-county/listings/devils-backbone-brewing-image1_fuU0b-q4C,Exterior of Devils Backbone Brewing restaurant,,,,,,,,https://www.dbbrewingcompany.com/visit/basecamp/,(434) 361-1001,"200 Mosbys Run, Roseland, VA 22967",josh,,,https://www.google.com/maps/dir/?api=1&destination=200%20Mosbys%20Run%2C%20Roseland%2C%20VA%2022967,Beer; Outdoor Seating; Live Music; Full Kitchen; Coffee; Tea,false,https://www.google.com/maps/dir/?api=1&destination=200%20Mosbys%20Run%2C%20Roseland%2C%20VA%2022967
29,El Mariachi Mexican Food,el-mariachi-mexican-food,Restaurants,,Lovingston,El Mariachi Mexican Food serves classic Mexican dishes in Lovingston with weekday and weekend hours extending to 10 pm and gift certificates available.,El Mariachi Mexican Food serves classic Mexican dishes in Lovingston with weekday and weekend hours extending to 10 pm and gift certificates available.,https://ik.imagekit.io/OE/nelson-county/listings/el-mariachi-mexican-food-image1_lrhnaZQny,Exterior view of El Mariachi Mexican Food,,,,,,,,,(434) 263-5999,"165 Front Street, Lovingston, VA 22949",josh,,,https://www.google.com/maps/dir/?api=1&destination=165%20Front%20Street%2C%20Lovingston%2C%20VA%2022949,Retail; Local Ingredients,false,https://www.google.com/maps/dir/?api=1&destination=165%20Front%20Street%2C%20Lovingston%2C%20VA%2022949
30,Fire & Frost Wood Fired Bakehouse,fire-frost-wood-fired-bakehouse,Restaurants,,Nellysford,Fire & Frost Wood Fired Bakehouse brings wood-fired pizzas and Italian-inspired fare to Wintergreen Resort in a warm alpine setting.,Fire & Frost Wood Fired Bakehouse brings wood-fired pizzas and Italian-inspired fare to Wintergreen Resort in a warm alpine setting.,https://ik.imagekit.io/OE/nelson-county/listings/fire-frost-wood-fired-bakehouse-image1_pWDMelTVX,Exterior view of Fire & Frost Wood Fired Bakehouse,,,,,,,,,(434) 326-5639,"121 Blue Ridge Drive, Roseland, VA 22967",josh,,,https://www.google.com/maps/dir/?api=1&destination=121%20Blue%20Ridge%20Drive%2C%20Roseland%2C%20VA%2022967,Scenic Views; Resort; Pizza,false,https://www.google.com/maps/dir/?api=1&destination=121%20Blue%20Ridge%20Drive%2C%20Roseland%2C%20VA%2022967
31,Iron and Ale,iron-and-ale,Restaurants,,Nellysford,"Iron & Ale is a chef-driven bistro in Stoney Creek offering rotating menus, patio dining, and curated wine and beer lists for date nights and gatherings.","Iron & Ale is a chef-driven bistro in Stoney Creek offering rotating menus, patio dining, and curated wine and beer lists for date nights and gatherings.",https://ik.imagekit.io/OE/nelson-county/listings/iron-and-ale-image1_Phj7hhJ9W,Exterior of Iron and Ale restaurant,,,,,,,,,(540) 440-2140,"1354 Stoney Creek West, Nellysford, VA 22958",josh,,,https://www.google.com/maps/dir/?api=1&destination=1354%20Stoney%20Creek%20West%2C%20Nellysford%2C%20VA%2022958,Seasonal Menu; Wine; Outdoor Seating; Beer,false,https://www.google.com/maps/dir/?api=1&destination=1354%20Stoney%20Creek%20West%2C%20Nellysford%2C%20VA%2022958
32,McDonald’s,mcdonalds,Restaurants,,Lovingston,"McDonald’s in Lovingston serves breakfast, lunch, and dinner daily with extended hours to midnight on Fridays and Saturdays along Route 29.","McDonald’s in Lovingston serves breakfast, lunch, and dinner daily with extended hours to midnight on Fridays and Saturdays along Route 29.",https://ik.imagekit.io/OE/nelson-county/listings/mcdonald-s-image1_xLvXtaYOs,Exterior view of McDonald’s,,,,,,,,,(434) 263-8066,"44 Callohill Drive, Lovingston, VA 22949",josh,,,https://www.google.com/maps/dir/?api=1&destination=44%20Callohill%20Drive%2C%20Lovingston%2C%20VA%2022949,Takeout; Breakfast; Lunch; Dinner,false,https://www.google.com/maps/dir/?api=1&destination=44%20Callohill%20Drive%2C%20Lovingston%2C%20VA%2022949
33,Montebello Country Store & Cafe,montebello-country-store-cafe,Restaurants,,Montebello,"Montebello Country Store & Cafe is a fifth-generation general store near Crabtree Falls with groceries, camping supplies, and a cafe serving chili and country fare.","Montebello Country Store & Cafe is a fifth-generation general store near Crabtree Falls with groceries, camping supplies, and a cafe serving chili and country fare.",https://ik.imagekit.io/OE/nelson-county/listings/montebello-country-store-cafe-image1_D_nYeoKbj,Exterior of Montebello Country Store & Cafe restaurant,,,,,,,,,(540) 377-2650,"15072 Crabtree Falls Highway, Montebello, VA 24464",josh,,,https://www.google.com/maps/dir/?api=1&destination=15072%20Crabtree%20Falls%20Highway%2C%20Montebello%2C%20VA%2024464,Retail; Family Friendly; Water Sports,false,https://www.google.com/maps/dir/?api=1&destination=15072%20Crabtree%20Falls%20Highway%2C%20Montebello%2C%20VA%2024464
34,Paulie's Pig Out,paulies-pig-out,Restaurants,,Afton,"Paulie’s Pig Out is an Afton barbecue joint serving smoked pork and chicken platters, classic sides, and homemade desserts along Route 151.","Paulie’s Pig Out is an Afton barbecue joint serving smoked pork and chicken platters, classic sides, and homemade desserts along Route 151.",https://ik.imagekit.io/OE/nelson-county/listings/paulie-s-pig-out-image1_8dXrFbPav,Exterior view of Paulie's Pig Out,,,,,,,,,(434) 361-2001,"7376 Rockfish Valley Highway, Afton, VA 22920",josh,,,https://www.google.com/maps/dir/?api=1&destination=7376%20Rockfish%20Valley%20Highway%2C%20Afton%2C%20VA%2022920,BBQ,false,https://www.google.com/maps/dir/?api=1&destination=7376%20Rockfish%20Valley%20Highway%2C%20Afton%2C%20VA%2022920
35,Smokin’ Barrel Restaurant,smokin-barrel-restaurant,Restaurants,,Arrington,"Smokin’ Barrel Restaurant operates inside Blue Mountain Barrel House with pub fare, BBQ plates, burgers, soups, and desserts for taproom guests.","Smokin’ Barrel Restaurant operates inside Blue Mountain Barrel House with pub fare, BBQ plates, burgers, soups, and desserts for taproom guests.",https://ik.imagekit.io/OE/nelson-county/listings/smokin-barrel-restaurant-image1_O6_IquE9r,Exterior of Smokin’ Barrel Restaurant restaurant,,,,,,,,,(434) 226-2450,"495 Cooperative Way, Arrington, VA 22922",josh,,,https://www.google.com/maps/dir/?api=1&destination=495%20Cooperative%20Way%2C%20Arrington%2C%20VA%2022922,Beer; Scenic Views; BBQ; Bar; Family Friendly; Full Kitchen,false,https://www.google.com/maps/dir/?api=1&destination=495%20Cooperative%20Way%2C%20Arrington%2C%20VA%2022922
36,The Copper Mine Bistro,the-copper-mine-bistro,Restaurants,,Roseland,"The Copper Mine Bistro anchors Wintergreen’s Blackrock Village with traditional breakfast, Mediterranean-inspired dinners, and weekend lunches during ski season.","The Copper Mine Bistro anchors Wintergreen’s Blackrock Village with traditional breakfast, Mediterranean-inspired dinners, and weekend lunches during ski season.",https://ik.imagekit.io/OE/nelson-county/listings/the-copper-mine-bistro-image1_3GowztWtV,Exterior view of The Copper Mine Bistro,,https://ik.imagekit.io/OE/nelson-county/listings/the-copper-mine-bistro-image2_QsKokoOVE,Interior view of The Copper Mine Bistro,,,,,,(434) 325-8090,"39 Wintergreen Drive, Roseland, VA 22967",josh,,,https://www.google.com/maps/dir/?api=1&destination=39%20Wintergreen%20Drive%2C%20Roseland%2C%20VA%2022967,Breakfast; Lunch; Seasonal Menu; Dinner,false,https://www.google.com/maps/dir/?api=1&destination=39%20Wintergreen%20Drive%2C%20Roseland%2C%20VA%2022967
37,The Edge,the-edge,Restaurants,,Wintergreen Resort,"The Edge is Wintergreen’s casual slope-side restaurant with mountain views, hearty comfort food, and a lively bar with seasonal live music.","The Edge is Wintergreen’s casual slope-side restaurant with mountain views, hearty comfort food, and a lively bar with seasonal live music.",https://ik.imagekit.io/OE/nelson-county/listings/the-edge-image1_3m2oRzZrd,Exterior of The Edge restaurant,,,,,,,,,(434) 325-8080,"11 Grassy Ridge Road, Wintergreen, VA 22958",josh,,,https://www.google.com/maps/dir/?api=1&destination=11%20Grassy%20Ridge%20Road%2C%20Wintergreen%2C%20VA%2022958,Scenic Views; Snow Sports; Bar; Live Music; Seasonal Menu,false,https://www.google.com/maps/dir/?api=1&destination=11%20Grassy%20Ridge%20Road%2C%20Wintergreen%2C%20VA%2022958
38,The Farmhouse at Veritas,the-farmhouse-at-veritas,Restaurants,,Afton,"The Farmhouse at Veritas hosts four-course, wine-paired farm-to-table dinners Wednesday through Sunday in an intimate setting on the Veritas vineyard estate.","The Farmhouse at Veritas hosts four-course, wine-paired farm-to-table dinners Wednesday through Sunday in an intimate setting on the Veritas vineyard estate.",https://ik.imagekit.io/OE/nelson-county/listings/the-farmhouse-at-veritas-image1_LBC9TWPstE,Exterior view of The Farmhouse at Veritas,,,,,,,,,(540) 456-8100,"72 Saddleback Farm, Afton, VA 22920",josh,,,https://www.google.com/maps/dir/?api=1&destination=72%20Saddleback%20Farm%2C%20Afton%2C%20VA%2022920,Wine; Farm,false,https://www.google.com/maps/dir/?api=1&destination=72%20Saddleback%20Farm%2C%20Afton%2C%20VA%2022920
39,Vito’s Pizza & Italian Grill,vitos-pizza-italian-grill,Restaurants,,Lovingston,"Vito’s Pizza & Italian Grill is a family-owned Italian restaurant in Lovingston serving pizzas, pasta, and grill favorites rooted in chef Salvatore Mannino’s Sicilian heritage.","Vito’s Pizza & Italian Grill is a family-owned Italian restaurant in Lovingston serving pizzas, pasta, and grill favorites rooted in chef Salvatore Mannino’s Sicilian heritage.",https://ik.imagekit.io/OE/nelson-county/listings/vito-s-pizza-italian-grill-image1_qEDLQecPU,Exterior of Vito’s Pizza & Italian Grill restaurant,,,,,,,,,(434) 263-8688,"8181 Thomas Nelson Highway, Lovingston, VA 22949",josh,,,https://www.google.com/maps/dir/?api=1&destination=8181%20Thomas%20Nelson%20Highway%2C%20Lovingston%2C%20VA%2022949,Family Friendly; Pizza; Full Kitchen,false,https://www.google.com/maps/dir/?api=1&destination=8181%20Thomas%20Nelson%20Highway%2C%20Lovingston%2C%20VA%2022949
40,Black Bear Creamery,black-bear-creamery,Restaurants,,Nellysford,"Black Bear Creamery scoops homemade ice cream, shakes, and sundaes for locals and visitors in Nellysford.","Black Bear Creamery scoops homemade ice cream, shakes, and sundaes for locals and visitors in Nellysford.",https://ik.imagekit.io/OE/nelson-county/listings/black-bear-creamery-image1_NoSYfCv22,Exterior view of Black Bear Creamery,,,,,,,,,(434) 263-8916,"18 Pheasant Run, Nellysford, VA 22958",josh,,,https://www.google.com/maps/dir/?api=1&destination=18%20Pheasant%20Run%2C%20Nellysford%2C%20VA%2022958,Desserts; Family Friendly,false,https://www.google.com/maps/dir/?api=1&destination=18%20Pheasant%20Run%2C%20Nellysford%2C%20VA%2022958
41,Dickie Brothers Orchard,dickie-brothers-orchard,Farms & Orchards,,Roseland,"Century Farm orchard growing heirloom apples alongside berries, pumpkins, cider, and farm-made goods with pick-your-own seasons from summer through fall.","Century Farm orchard growing heirloom apples alongside berries, pumpkins, cider, and farm-made goods with pick-your-own seasons from summer through fall.",https://ik.imagekit.io/OE/nelson-county/listings/dickie-brothers-orchard-image1_mgGfsUOkW,Exterior of Dickie Brothers Orchard brewery,,https://ik.imagekit.io/OE/nelson-county/listings/dickie-brothers-orchard-image2_CzMZz9sVs,Taproom at Dickie Brothers Orchard,,,,,https://dickiebrothers.com/,(434) 277-5516,"2685 Dickie Road, Roseland, VA 22967",josh,,,https://www.google.com/maps/dir/?api=1&destination=2685%20Dickie%20Road%2C%20Roseland%2C%20VA%2022967,Farm; Cider; Local Ingredients,false,https://www.google.com/maps/dir/?api=1&destination=2685%20Dickie%20Road%2C%20Roseland%2C%20VA%2022967
42,Drumheller’s Orchard,drumhellers-orchard,Farms & Orchards,,Lovingston,"Family orchard and bakery showcasing classic Virginia apple varieties, house cider, and fall festivals with hayrides, baked goods, and pet-friendly grounds.","The apple packing shed showcases Red and Golden Delicious, Stayman, Winesap, Rome, York and Granny Smith, Black Twig and Albemarle Pippin varieties. Find pumpkins, cider, apple butter and honey too. Special events and festivals in the fall. Baked goods and many other farm products like honey, apple butter and ham round out the selection. Bus tours and school groups welcome – advance notice is appreciated. Pet-friendly.",https://ik.imagekit.io/OE/nelson-county/listings/drumheller-s-orchard-image1_lGFwTv4Vd,Exterior of Drumheller’s Orchard restaurant,,,,,,,,https://www.drumhellersorchard.com/,(434) 263-5036,"1130 Drumheller Orchard Lane, Lovingston, VA 22949",josh,,,https://www.google.com/maps/dir/?api=1&destination=1130%20Drumheller%20Orchard%20Lane%2C%20Lovingston%2C%20VA%2022949,Bakery; Cider; Farm; Pet Friendly; Local Ingredients,false,https://www.google.com/maps/dir/?api=1&destination=1130%20Drumheller%20Orchard%20Lane%2C%20Lovingston%2C%20VA%2022949
43,Saunders Brothers Farm Market,saunders-brothers-farm-market,Farms & Orchards,,Piney River,"Saunders Brothers’ farm market pairs homegrown peaches, apples, and nursery stock with a country shop featuring meats, baked goods, peach ice cream, and weekend events.","Saunders Brothers’ farm market pairs homegrown peaches, apples, and nursery stock with a country shop featuring meats, baked goods, peach ice cream, and weekend events.",https://ik.imagekit.io/OE/nelson-county/listings/saunders-brothers-farm-market-image1_f1AEM7MxN,Storefront of Saunders Brothers Farm Market,,,,,,,,https://www.saundersbrothers.com/,(434) 277-5455,"2717 Tye Brook Highway, Piney River, VA 22964",josh,,,https://www.google.com/maps/dir/?api=1&destination=2717%20Tye%20Brook%20Highway%2C%20Piney%20River%2C%20VA%2022964,Farm; Market; Desserts; Bakery; Local Ingredients; Family Friendly,false,https://www.google.com/maps/dir/?api=1&destination=2717%20Tye%20Brook%20Highway%2C%20Piney%20River%2C%20VA%2022964
44,Blue Mountain Barrel House,blue-mountain-barrel-house,Breweries & Cideries,,Arrington,"Production-focused Blue Mountain facility with one of the East Coast’s largest barrel-aging programs, a year-round tasting room, and sweeping Nelson County views.","Production-focused Blue Mountain facility with one of the East Coast’s largest barrel-aging programs, a year-round tasting room, and sweeping Nelson County views.",https://ik.imagekit.io/OE/nelson-county/listings/blue-mountain-barrel-house-image1_aohVkuJqX,Vineyard at Blue Mountain Barrel House,,,,,,,,https://www.bluemountainbarrel.com/,(434) 263-4002,"495 Cooperative Way, Arrington, VA 22922",josh,,,https://www.google.com/maps/dir/?api=1&destination=495%20Cooperative%20Way%2C%20Arrington%2C%20VA%2022922,Beer; Tastings; Seasonal Menu; Cider,false,https://www.google.com/maps/dir/?api=1&destination=495%20Cooperative%20Way%2C%20Arrington%2C%20VA%2022922
45,Blue Toad Hard Cider,blue-toad-hard-cider,Breweries & Cideries,,Roseland,Farm-based cidery crafting approachable Blue Ridge blends with a taproom at the base of Wintergreen and patio views of the orchard.,Farm-based cidery crafting approachable Blue Ridge blends with a taproom at the base of Wintergreen and patio views of the orchard.,https://ik.imagekit.io/OE/nelson-county/listings/blue-toad-hard-cider-image1_sCenJqzoN7,Exterior of Blue Toad Hard Cider brewery,,,,,,,,https://www.bluetoadhardcider.com/,(434) 760-9200,"462 Winery Lane, Roseland, VA 22967",josh,,,https://www.google.com/maps/dir/?api=1&destination=462%20Winery%20Lane%2C%20Roseland%2C%20VA%2022967,Cider; Farm; Outdoor Seating; Pet Friendly; Tastings; Scenic Views; Beer,false,https://www.google.com/maps/dir/?api=1&destination=462%20Winery%20Lane%2C%20Roseland%2C%20VA%2022967
46,Bold Rock Hard Cider,bold-rock-hard-cider,Breweries & Cideries,,Nellysford,"Nellysford’s riverside cidery offering tours, tastings, and cider cocktails from Bold Rock’s orchard-to-glass production campus.","Nellysford’s riverside cidery offering tours, tastings, and cider cocktails from Bold Rock’s orchard-to-glass production campus.",https://ik.imagekit.io/OE/nelson-county/listings/bold-rock-hard-cider-image1__h55RjVBl,Vineyard at Bold Rock Hard Cider,,,,,,,,https://boldrock.com/visit/nellysford-cidery/,(434) 361-1030,"1020 Rockfish Valley Highway, Nellysford, VA 22958",josh,,,https://www.google.com/maps/dir/?api=1&destination=1020%20Rockfish%20Valley%20Highway%2C%20Nellysford%2C%20VA%2022958,Cider; Cocktails; Bar; Live Music; Beer,false,https://www.google.com/maps/dir/?api=1&destination=1020%20Rockfish%20Valley%20Highway%2C%20Nellysford%2C%20VA%2022958
47,Brewing Tree Beer Company,brewing-tree-beer-company,Breweries & Cideries,,Afton,"Husband-and-wife brewery with a scratch kitchen, creekside beer garden, and rotating small-batch Virginia ales.","Husband-and-wife brewery with a scratch kitchen, creekside beer garden, and rotating small-batch Virginia ales.",https://ik.imagekit.io/OE/nelson-county/listings/brewing-tree-beer-company-image1_e43JZexL6,Exterior of Brewing Tree Beer Company brewery,,,,,,,,https://www.brewingtreebeerco.com/,(540) 381-0990,"9278 Rockfish Valley Highway, Afton, VA 22920",josh,,,https://www.google.com/maps/dir/?api=1&destination=9278%20Rockfish%20Valley%20Highway%2C%20Afton%2C%20VA%2022920,Beer; Family Friendly; Pet Friendly; Full Kitchen; Cider,false,https://www.google.com/maps/dir/?api=1&destination=9278%20Rockfish%20Valley%20Highway%2C%20Afton%2C%20VA%2022920
48,Bryant’s Cider & Brewery,bryants-cider-brewery,Breweries & Cideries,,Roseland,"Bryant’s pours heritage apple ciders and farm-brewed beers with a focus on natural ingredients, outdoor lawn games, and seasonal gatherings.","Bryant’s pours heritage apple ciders and farm-brewed beers with a focus on natural ingredients, outdoor lawn games, and seasonal gatherings.",https://ik.imagekit.io/OE/nelson-county/listings/bryant-s-cider-brewery-image1_Pl3ykVMup,Scenic view from Bryant’s Cider & Brewery,,,,,,,,https://www.bryantscider.com/,(804) 420-9683,"3224 East Branch Loop, Roseland, VA 22967",josh,,,https://www.google.com/maps/dir/?api=1&destination=3224%20East%20Branch%20Loop%2C%20Roseland%2C%20VA%2022967,Beer; Farm; Outdoor Seating; Seasonal Menu; Cider,false,https://www.google.com/maps/dir/?api=1&destination=3224%20East%20Branch%20Loop%2C%20Roseland%2C%20VA%2022967
49,Devils Backbone Brewing Company,devils-backbone-brewing-company,Breweries & Cideries,,Roseland,"Mountain basecamp brewery pouring award-winning lagers, cocktails, and distillery releases with expansive meadows and adventure-forward programming.","Mountain basecamp brewery pouring award-winning lagers, cocktails, and distillery releases with expansive meadows and adventure-forward programming.",https://ik.imagekit.io/OE/nelson-county/listings/devils-backbone-brewing-company-image1_xOCX-_l34,Exterior of Devils Backbone Brewing Company brewery,,,,,,,,https://www.dbbrewingcompany.com/,(434) 361-1001,"200 Crandall Run, Roseland, VA 22967",josh,,,https://www.google.com/maps/dir/?api=1&destination=200%20Crandall%20Run%2C%20Roseland%2C%20VA%2022967,Spirits; Adventure; Beer; Cider,false,https://www.google.com/maps/dir/?api=1&destination=200%20Crandall%20Run%2C%20Roseland%2C%20VA%2022967
50,Outback Brew House,outback-brew-house,Breweries & Cideries,,Lovingston,"Nano-brewery taproom in Lovingston pouring house recipes with plans for expanded outdoor seating, live music, and an onsite food truck.","Nano-brewery taproom in Lovingston pouring house recipes with plans for expanded outdoor seating, live music, and an onsite food truck.",https://ik.imagekit.io/OE/nelson-county/listings/outback-brew-house-image1_3mAJkqmbA,Exterior view of Outback Brew House,,,,,,,,https://www.outbackhouselodging.com/outback-brew-house/,(434) 263-0007,"7995 Thomas Nelson Hwy, Lovingston, VA 22949",josh,,,https://www.google.com/maps/dir/?api=1&destination=7995%20Thomas%20Nelson%20Hwy%2C%20Lovingston%2C%20VA%2022949,Outdoor Seating; Live Music; Beer; Cider,false,https://www.google.com/maps/dir/?api=1&destination=7995%20Thomas%20Nelson%20Hwy%2C%20Lovingston%2C%20VA%2022949
51,"Three Notch’d Brewery, Distillery & Craft Kitchen",three-notchd-brewery-distillery-craft-kitchen-nelson-county,Breweries & Cideries,,Nellysford,"Three Notch’d’s Nelson location houses a brewery, distillery, and chef-led craft kitchen offering beer-infused fare and cocktails on Route 151.","Three Notch’d’s Nelson location houses a brewery, distillery, and chef-led craft kitchen offering beer-infused fare and cocktails on Route 151.",https://ik.imagekit.io/OE/nelson-county/listings/three-notch-d-brewery-distillery-craft-kitchen-image1_0-OUbAArR3,"Exterior view of Three Notch’d Brewery, Distillery & Craft Kitchen",,https://ik.imagekit.io/OE/nelson-county/listings/three-notch-d-brewery-distillery-craft-kitchen-image2_vRDJzgCwj,"Interior of Three Notch’d Brewery, Distillery & Craft Kitchen",,,,,https://threenotchdbrewing.com/location/nellysford/,(434) 226-0020,"2461 Rockfish Valley Hwy, Nellysford, VA 22958",josh,,,https://www.google.com/maps/dir/?api=1&destination=2461%20Rockfish%20Valley%20Hwy%2C%20Nellysford%2C%20VA%2022958,Beer; Spirits; Full Kitchen; Cider,false,https://www.google.com/maps/dir/?api=1&destination=2461%20Rockfish%20Valley%20Hwy%2C%20Nellysford%2C%20VA%2022958
52,Wild Man Dan Brewery,wild-man-dan-brewery,Breweries & Cideries,,Afton,Barn brewery pouring award-winning micro batches and offering homebrew workshops with Dan and his mountain porch hospitality.,Barn brewery pouring award-winning micro batches and offering homebrew workshops with Dan and his mountain porch hospitality.,https://ik.imagekit.io/OE/nelson-county/listings/wild-man-dan-brewery-image1_k5KRI9nIU,Exterior of Wild Man Dan Brewery brewery,,,,,,,,https://wildmandanbeer.com/,(540) 798-1781,"279 Avon Road, Afton, VA 22920",josh,,,https://www.google.com/maps/dir/?api=1&destination=279%20Avon%20Road%2C%20Afton%2C%20VA%2022920,Beer; Scenic Views; Retail; Outdoor Seating; Cider,false,https://www.google.com/maps/dir/?api=1&destination=279%20Avon%20Road%2C%20Afton%2C%20VA%2022920
53,Wood Ridge Farm Brewery,wood-ridge-farm-brewery,Breweries & Cideries,,Lovingston,Estate farm brewery malting its own grains for “dirt-to-glass” beers served with panoramic views of the Lovingston countryside.,Estate farm brewery malting its own grains for “dirt-to-glass” beers served with panoramic views of the Lovingston countryside.,https://ik.imagekit.io/OE/nelson-county/listings/wood-ridge-farm-brewery-image1_Bi7zpuZf1,Exterior of Wood Ridge Farm Brewery brewery,,,,,,,,https://www.woodridgefarmbrewery.com/,(434) 531-7362,"165 Old Ridge Road, Lovingston, VA 22949",josh,,,https://www.google.com/maps/dir/?api=1&destination=165%20Old%20Ridge%20Road%2C%20Lovingston%2C%20VA%2022949,Farm; Scenic Views; Seasonal Menu; Beer; Cider,false,https://www.google.com/maps/dir/?api=1&destination=165%20Old%20Ridge%20Road%2C%20Lovingston%2C%20VA%2022949
54,Devils Backbone Distilling Co.,devils-backbone-distilling-co,Distilleries,,Roseland,"On-site craft distillery at Devils Backbone Basecamp serving small-batch gin, rum, and brandy cocktails in a lounge and covered patio setting.","On-site craft distillery at Devils Backbone Basecamp serving small-batch gin, rum, and brandy cocktails in a lounge and covered patio setting.",https://ik.imagekit.io/OE/nelson-county/listings/devils-backbone-distilling-co--image1_kkqc1tAn6,Exterior view of Devils Backbone Distilling Co.,,,,,,,,https://www.dbbrewingcompany.com/spirits/,(434) 361-1001,"35 Mosbys Run, Roseland, VA 22967",josh,,,https://www.google.com/maps/dir/?api=1&destination=35%20Mosbys%20Run%2C%20Roseland%2C%20VA%2022967,Spirits; Cocktails; Outdoor Seating,false,https://www.google.com/maps/dir/?api=1&destination=35%20Mosbys%20Run%2C%20Roseland%2C%20VA%2022967
55,Silverback Distillery,silverback-distillery,Distilleries,,Afton,"Silverback Distillery is a mother-daughter team crafting award-winning spirits with local grains and mountain water, pouring cocktail flights and barrel-smoked drinks in Afton.","Silverback Distillery is a mother-daughter team crafting award-winning spirits with local grains and mountain water, pouring cocktail flights and barrel-smoked drinks in Afton.",https://ik.imagekit.io/OE/nelson-county/listings/silverback-distillery-image1_RBNd85uTW,Exterior view of Silverback Distillery,,,,,,,,,(540) 456-7070,"9520 Rockfish Valley Highway, Afton, VA 22920",josh,,,https://www.google.com/maps/dir/?api=1&destination=9520%20Rockfish%20Valley%20Highway%2C%20Afton%2C%20VA%2022920,Spirits; Cocktails; Tastings; Scenic Views,false,https://www.google.com/maps/dir/?api=1&destination=9520%20Rockfish%20Valley%20Highway%2C%20Afton%2C%20VA%2022920
56,Virginia Distillery Co.,virginia-distillery-co,Distilleries,,Lovingston,"American single malt whisky campus in Lovingston offering guided production tours, a whisky museum, and tastings of Virginia Distillery Co.’s flagship and cask releases.","American single malt whisky campus in Lovingston offering guided production tours, a whisky museum, and tastings of Virginia Distillery Co.’s flagship and cask releases.",https://ik.imagekit.io/OE/nelson-county/listings/virginia-distillery-co--image1_eCbxehNaH,Vineyard at Virginia Distillery Co.,,,,,,,,https://vadistillery.com/,(434) 285-2900,"299 Eades Lane, Lovingston, VA 22949",josh,,,https://www.google.com/maps/dir/?api=1&destination=299%20Eades%20Lane%2C%20Lovingston%2C%20VA%2022949,Spirits,false,https://www.google.com/maps/dir/?api=1&destination=299%20Eades%20Lane%2C%20Lovingston%2C%20VA%2022949
57,Allen Creek Nature Preserve,allen-creek-nature-preserve,Hikes & Trails,,Wintergreen Resort,"0.7-mile family-friendly loop through a high-elevation wetland at Wintergreen featuring braided streams, rare northern plants, and interpretive guides at the trailhead.","0.7-mile family-friendly loop through a high-elevation wetland at Wintergreen featuring braided streams, rare northern plants, and interpretive guides at the trailhead.",https://ik.imagekit.io/OE/nelson-county/listings/allen-creek-nature-preserve-image1_hUFD6CEWI,Scenic view from Allen Creek Nature Preserve,,,,,,,,,(434) 263-7015,"8519 Thomas Nelson Hwy, Lovingston, VA 22949",josh,,,https://www.google.com/maps/dir/?api=1&destination=8519%20Thomas%20Nelson%20Hwy%2C%20Lovingston%2C%20VA%2022949,Tours; Family Friendly; Hiking,false,https://www.google.com/maps/dir/?api=1&destination=8519%20Thomas%20Nelson%20Hwy%2C%20Lovingston%2C%20VA%2022949
58,Appalachian Trail from Rt 56 to Harpers Creek,appalachian-trail-from-rt-56-to-harpers-creek,Hikes & Trails,,Tyro,"2.6-mile Appalachian Trail segment from VA Route 56 over the Tye River swinging bridge to Harpers Creek Shelter with laurel, rhododendron, and creekside campsites.","2.6-mile Appalachian Trail segment from VA Route 56 over the Tye River swinging bridge to Harpers Creek Shelter with laurel, rhododendron, and creekside campsites.",https://ik.imagekit.io/OE/nelson-county/listings/appalachian-trail-from-rt-56-to-harpers-creek-image1_zH8UGdn8C,Scenic view from Appalachian Trail from Rt 56 to Harpers Creek,,,,,,,,,(434) 263-7015,"8519 Thomas Nelson Hwy, Lovingston, VA 22949",josh,,,https://www.google.com/maps/dir/?api=1&destination=8519%20Thomas%20Nelson%20Hwy%2C%20Lovingston%2C%20VA%2022949,Scenic Views; Hiking,false,https://www.google.com/maps/dir/?api=1&destination=8519%20Thomas%20Nelson%20Hwy%2C%20Lovingston%2C%20VA%2022949
59,Blackrock Trail,blackrock-trail,Hikes & Trails,,Wintergreen Resort,"0.8-mile red-blazed climb on a south-facing slope showcasing mountain laurel, rose azalea, and pedlar gneiss outcrops with connections to Pedlars Edge Trail.","0.8-mile red-blazed climb on a south-facing slope showcasing mountain laurel, rose azalea, and pedlar gneiss outcrops with connections to Pedlars Edge Trail.",https://ik.imagekit.io/OE/nelson-county/listings/blackrock-trail-image1_icsrDn5Xh,Scenic view from Blackrock Trail,,,,,,,,,(434) 263-7015,"8519 Thomas Nelson Hwy, Lovingston, VA 22949",josh,,,https://www.google.com/maps/dir/?api=1&destination=8519%20Thomas%20Nelson%20Hwy%2C%20Lovingston%2C%20VA%2022949,Scenic Views,false,https://www.google.com/maps/dir/?api=1&destination=8519%20Thomas%20Nelson%20Hwy%2C%20Lovingston%2C%20VA%2022949
60,Blue Ridge Tunnel,blue-ridge-tunnel,Hikes & Trails,,Afton,Walk the restored 1850s Blue Ridge Railroad tunnel on a 2.25-mile crushed-gravel path with dramatic stone portals linking Afton and the Rockfish Valley.,Walk the restored 1850s Blue Ridge Railroad tunnel on a 2.25-mile crushed-gravel path with dramatic stone portals linking Afton and the Rockfish Valley.,https://ik.imagekit.io/OE/nelson-county/listings/blue-ridge-tunnel-image1_PrnI6PqE9,Storefront of Blue Ridge Tunnel,,,,,,,,,(434) 263-7015,"215 Afton Depot Lane, Afton, VA 22920",josh,,,https://www.google.com/maps/dir/?api=1&destination=215%20Afton%20Depot%20Lane%2C%20Afton%2C%20VA%2022920,Hiking; Parking; Educational; Scenic Views,false,https://www.google.com/maps/dir/?api=1&destination=215%20Afton%20Depot%20Lane%2C%20Afton%2C%20VA%2022920
61,Brimstone Trail,brimstone-trail,Hikes & Trails,,Wintergreen Resort,"Steep 0.8-mile red-blazed climb skirting rocky cliffs with sweeping Three Ridges views, laurel thickets, and fern-covered “rock gardens.”","Steep 0.8-mile red-blazed climb skirting rocky cliffs with sweeping Three Ridges views, laurel thickets, and fern-covered “rock gardens.”",https://ik.imagekit.io/OE/nelson-county/listings/brimstone-trail-image1_opRNVPbgI,Exterior view of Brimstone Trail,,https://ik.imagekit.io/OE/nelson-county/listings/brimstone-trail-image2_zX3Kal7WOD,Interior view of Brimstone Trail,,,,,,(434) 263-7015,"8519 Thomas Nelson Hwy, Lovingston, VA 22949",josh,,,https://www.google.com/maps/dir/?api=1&destination=8519%20Thomas%20Nelson%20Hwy%2C%20Lovingston%2C%20VA%2022949,Scenic Views,false,https://www.google.com/maps/dir/?api=1&destination=8519%20Thomas%20Nelson%20Hwy%2C%20Lovingston%2C%20VA%2022949
62,Cedar Ciffs North Trail,cedar-ciffs-north-trail,Hikes & Trails,,Wintergreen Resort,"Cool, damp 0.7-mile north-facing spur paralleling Cedar Cliffs with mossy boulders, ferny slopes, and connections to the primary overlook trail.","Cool, damp 0.7-mile north-facing spur paralleling Cedar Cliffs with mossy boulders, ferny slopes, and connections to the primary overlook trail.",https://ik.imagekit.io/OE/nelson-county/listings/cedar-ciffs-north-trail-image1_43xSez7xo,Scenic view from Cedar Ciffs North Trail,,,,,,,,,(434) 263-7015,"8519 Thomas Nelson Hwy, Lovingston, VA 22949",josh,,,https://www.google.com/maps/dir/?api=1&destination=8519%20Thomas%20Nelson%20Hwy%2C%20Lovingston%2C%20VA%2022949,Scenic Views; Seasonal Menu,false,https://www.google.com/maps/dir/?api=1&destination=8519%20Thomas%20Nelson%20Hwy%2C%20Lovingston%2C%20VA%2022949
63,Chestnut Springs Trail,chestnut-springs-trail,Hikes & Trails,,Wintergreen Resort,"1.1-mile yellow-red loop leaving Shamokin Gorge to traverse oak-hickory ridges, spring wildflowers, and stream crossings near Wintergreen.","1.1-mile yellow-red loop leaving Shamokin Gorge to traverse oak-hickory ridges, spring wildflowers, and stream crossings near Wintergreen.",https://ik.imagekit.io/OE/nelson-county/listings/chestnut-springs-trail-image1_QehjN4ktm,Exterior view of Chestnut Springs Trail,,,,,,,,,(434) 263-7015,"8519 Thomas Nelson Hwy, Lovingston, VA 22949",josh,,,https://www.google.com/maps/dir/?api=1&destination=8519%20Thomas%20Nelson%20Hwy%2C%20Lovingston%2C%20VA%2022949,Hiking,false,https://www.google.com/maps/dir/?api=1&destination=8519%20Thomas%20Nelson%20Hwy%2C%20Lovingston%2C%20VA%2022949
64,Crabtree Falls,crabtree-falls,Hikes & Trails,,Montebello,"Crabtree Falls features five major cascades dropping 1,200 feet—the highest vertical-drop waterfall east of the Mississippi—with paved lower overlook and a 3-mile trail to upper vistas.","Crabtree Falls features five major cascades dropping 1,200 feet—the highest vertical-drop waterfall east of the Mississippi—with paved lower overlook and a 3-mile trail to upper vistas.",https://ik.imagekit.io/OE/nelson-county/listings/crabtree-falls-image1_IXQ2lOEKu,Scenic view from Crabtree Falls,,,,,,,,,,"11581 Crabtree Falls Highway, Montebello, VA 24464",josh,,,https://www.google.com/maps/dir/?api=1&destination=11581%20Crabtree%20Falls%20Highway%2C%20Montebello%2C%20VA%2024464,Scenic Views; Parking,false,https://www.google.com/maps/dir/?api=1&destination=11581%20Crabtree%20Falls%20Highway%2C%20Montebello%2C%20VA%2024464
65,Devils Knob Trail,devils-knob-trail,Hikes & Trails,,Wintergreen Resort,"0.6-mile stroll from the Blue Ridge Overlook across catoctin greenstone ledges with rock “gardens,” birding, and views toward Pond Hollow.","0.6-mile stroll from the Blue Ridge Overlook across catoctin greenstone ledges with rock “gardens,” birding, and views toward Pond Hollow.",https://ik.imagekit.io/OE/nelson-county/listings/devils-knob-trail-image1_9-WjX9SyQ,Exterior view of Devils Knob Trail,,,,,,,,,(434) 263-7015,"8519 Thomas Nelson Hwy, Lovingston, VA 22949",josh,,,https://www.google.com/maps/dir/?api=1&destination=8519%20Thomas%20Nelson%20Hwy%2C%20Lovingston%2C%20VA%2022949,Scenic Views,false,https://www.google.com/maps/dir/?api=1&destination=8519%20Thomas%20Nelson%20Hwy%2C%20Lovingston%2C%20VA%2022949
66,Fortune’s Cove Nature Preserve,fortunes-cove-nature-preserve,Hikes & Trails,,Lovingston,"Strenuous 5.3-mile loop managed by The Nature Conservancy climbing 1,500 feet through rocky glades and intact forest to panoramic cove overlooks.","Strenuous 5.3-mile loop managed by The Nature Conservancy climbing 1,500 feet through rocky glades and intact forest to panoramic cove overlooks.",https://ik.imagekit.io/OE/nelson-county/listings/fortune-s-cove-nature-preserve-image1__i7ZniCv5,Scenic view from Fortune’s Cove Nature Preserve,,,,,,,,,(434) 977-4837,"1920 Fortune’s Cove Lane, Lovingston, VA 22949",josh,,,https://www.google.com/maps/dir/?api=1&destination=1920%20Fortune%E2%80%99s%20Cove%20Lane%2C%20Lovingston%2C%20VA%2022949,Hiking,false,https://www.google.com/maps/dir/?api=1&destination=1920%20Fortune%E2%80%99s%20Cove%20Lane%2C%20Lovingston%2C%20VA%2022949
67,Fortune’s Ridge Trail,fortunes-ridge-trail,Hikes & Trails,,Wintergreen Resort,"1.1-mile red-blazed path following Fortunes Ridge stream with cascades, laurel blooms, and access points from Fortunes Ridge and Wintergreen Drive.","1.1-mile red-blazed path following Fortunes Ridge stream with cascades, laurel blooms, and access points from Fortunes Ridge and Wintergreen Drive.",https://ik.imagekit.io/OE/nelson-county/listings/fortune-s-ridge-trail-image1_INFnASltm,Exterior view of Fortune’s Ridge Trail,,,,,,,,,(434) 263-7015,"8519 Thomas Nelson Hwy, Lovingston, VA 22949",josh,,,https://www.google.com/maps/dir/?api=1&destination=8519%20Thomas%20Nelson%20Hwy%2C%20Lovingston%2C%20VA%2022949,Scenic Views,false,https://www.google.com/maps/dir/?api=1&destination=8519%20Thomas%20Nelson%20Hwy%2C%20Lovingston%2C%20VA%2022949
68,Hemlock Springs Loop,hemlock-springs-loop,Hikes & Trails,,Wintergreen Resort,"0.8-mile yellow-red loop highlighting pink and yellow lady’s-slipper habitat, old-growth hemlock remnants, and moderate climbs near Wintergreen.","0.8-mile yellow-red loop highlighting pink and yellow lady’s-slipper habitat, old-growth hemlock remnants, and moderate climbs near Wintergreen.",https://ik.imagekit.io/OE/nelson-county/listings/hemlock-springs-loop-image1_hX7dh-gSI,Exterior view of Hemlock Springs Loop,,,,,,,,,(434) 263-7015,"8519 Thomas Nelson Hwy, Lovingston, VA 22949",josh,,,https://www.google.com/maps/dir/?api=1&destination=8519%20Thomas%20Nelson%20Hwy%2C%20Lovingston%2C%20VA%2022949,Hiking,false,https://www.google.com/maps/dir/?api=1&destination=8519%20Thomas%20Nelson%20Hwy%2C%20Lovingston%2C%20VA%2022949
69,Highlands Leisure Trail,highlands-leisure-trail,Hikes & Trails,,Wintergreen Resort,"Half-mile connector between Blackrock Village and the Wintergarden with short climbs, older-growth forest, and an overlook of Highlands ski slopes.","Half-mile connector between Blackrock Village and the Wintergarden with short climbs, older-growth forest, and an overlook of Highlands ski slopes.",https://ik.imagekit.io/OE/nelson-county/listings/highlands-leisure-trail-image1_14-OGVdVb,Exterior view of Highlands Leisure Trail,,,,,,,,,(434) 263-7015,"8519 Thomas Nelson Hwy, Lovingston, VA 22949",josh,,,https://www.google.com/maps/dir/?api=1&destination=8519%20Thomas%20Nelson%20Hwy%2C%20Lovingston%2C%20VA%2022949,Scenic Views; Resort,false,https://www.google.com/maps/dir/?api=1&destination=8519%20Thomas%20Nelson%20Hwy%2C%20Lovingston%2C%20VA%2022949
70,Humpback Rocks,humpback-rocks,Hikes & Trails,,Lyndhurst,"Popular 2-mile loop to the Humpback Rocks summit, ascending 740 feet for 360° Blue Ridge views near Parkway milepost 5.8.","Popular 2-mile loop to the Humpback Rocks summit, ascending 740 feet for 360° Blue Ridge views near Parkway milepost 5.8.",https://ik.imagekit.io/OE/nelson-county/listings/humpback-rocks-image1_f_nN7bZ7z,Exterior view of Humpback Rocks,,,,,,,,,(540) 943-4716,"Humpback Gap Parking Area, Milepost 5.8 Blue Ridge Parkway, Lyndhurst, VA 22952",josh,,,https://www.google.com/maps/dir/?api=1&destination=Humpback%20Gap%20Parking%20Area%2C%20Milepost%205.8%20Blue%20Ridge%20Parkway%2C%20Lyndhurst%2C%20VA%2022952,Scenic Views,false,https://www.google.com/maps/dir/?api=1&destination=Humpback%20Gap%20Parking%20Area%2C%20Milepost%205.8%20Blue%20Ridge%20Parkway%2C%20Lyndhurst%2C%20VA%2022952
71,James River State Park,james-river-state-park,Hikes & Trails,,Gladstone,"State park along the James River with 15+ miles of multiuse trails, riverfront overlooks, boat launches, cabins, and full-service canoe livery.","State park along the James River with 15+ miles of multiuse trails, riverfront overlooks, boat launches, cabins, and full-service canoe livery.",https://ik.imagekit.io/OE/nelson-county/listings/james-river-state-park-image1_IdOJ0UXYE,Exterior view of James River State Park,,,,,,,,,(434) 933-4355,"104 Green Hill Drive, Gladstone, VA 24553",josh,,,https://www.google.com/maps/dir/?api=1&destination=104%20Green%20Hill%20Drive%2C%20Gladstone%2C%20VA%2024553,Boating; Cabins; Water Sports,false,https://www.google.com/maps/dir/?api=1&destination=104%20Green%20Hill%20Drive%2C%20Gladstone%2C%20VA%2024553
72,Kids in Parks: Virginia Blue Ridge Railway Trail,kids-in-parks-virginia-blue-ridge-railway-trail,Hikes & Trails,,Piney River,"Family-friendly TRACK Trail at Piney River Depot with self-guided nature activities, flat rail-trail mileage, and prizes through Kids in Parks.","Family-friendly TRACK Trail at Piney River Depot with self-guided nature activities, flat rail-trail mileage, and prizes through Kids in Parks.",https://ik.imagekit.io/OE/nelson-county/listings/kids-in-parks-virginia-blue-ridge-railway-trail-image1_uPNIvt_fZ,Scenic view from Kids in Parks: Virginia Blue Ridge Railway Trail,,,,,,,,,(434) 263-7130,"3124 Patrick Henry Highway, Piney River, VA 22964",josh,,,https://www.google.com/maps/dir/?api=1&destination=3124%20Patrick%20Henry%20Highway%2C%20Piney%20River%2C%20VA%2022964,Hiking; Adventure; Family Friendly; Parking,false,https://www.google.com/maps/dir/?api=1&destination=3124%20Patrick%20Henry%20Highway%2C%20Piney%20River%2C%20VA%2022964
73,Laurel Ridge Loop,laurel-ridge-loop,Hikes & Trails,,Wintergreen Resort,"1.6-mile yellow loop sampling mountain laurel, birch, and oak-hickory forest with rocky footing and parking at Wintergreen’s Lot F.","1.6-mile yellow loop sampling mountain laurel, birch, and oak-hickory forest with rocky footing and parking at Wintergreen’s Lot F.",https://ik.imagekit.io/OE/nelson-county/listings/laurel-ridge-loop-image1_k_xUZ0XKg,Exterior view of Laurel Ridge Loop,,,,,,,,,(434) 263-7015,"8519 Thomas Nelson Hwy, Lovingston, VA 22949",josh,,,https://www.google.com/maps/dir/?api=1&destination=8519%20Thomas%20Nelson%20Hwy%2C%20Lovingston%2C%20VA%2022949,Hiking; Parking,false,https://www.google.com/maps/dir/?api=1&destination=8519%20Thomas%20Nelson%20Hwy%2C%20Lovingston%2C%20VA%2022949
74,Lower Shamokin Falls Trail,lower-shamokin-falls-trail,Hikes & Trails,,Wintergreen Resort,"1.7-mile blue-blazed trek ending at Lower Shamokin Falls, weaving through dense forest after a jeep-road approach from Old Stoney Creek Road.","1.7-mile blue-blazed trek ending at Lower Shamokin Falls, weaving through dense forest after a jeep-road approach from Old Stoney Creek Road.",https://ik.imagekit.io/OE/nelson-county/listings/lower-shamokin-falls-trail-image1_BIy5ezGql,Exterior view of Lower Shamokin Falls Trail,,,,,,,,,(434) 263-7015,"8519 Thomas Nelson Hwy, Lovingston, VA 22949",josh,,,https://www.google.com/maps/dir/?api=1&destination=8519%20Thomas%20Nelson%20Hwy%2C%20Lovingston%2C%20VA%2022949,Hiking,false,https://www.google.com/maps/dir/?api=1&destination=8519%20Thomas%20Nelson%20Hwy%2C%20Lovingston%2C%20VA%2022949
75,Mau-Har Trail,mau-har-trail,Hikes & Trails,,Tyro,"Three-mile Mau-Har connector through the Three Ridges Wilderness linking with the Appalachian Trail past cascades, rock scrambles, and shelters.","Three-mile Mau-Har connector through the Three Ridges Wilderness linking with the Appalachian Trail past cascades, rock scrambles, and shelters.",https://ik.imagekit.io/OE/nelson-county/listings/mau-har-trail-image1_eNNMwbi1U,Scenic view from Mau-Har Trail,,,,,,,,,(434) 263-7015,"Blue Ridge Parkway Milepost 13.7, Roseland, VA 22967",josh,,,https://www.google.com/maps/dir/?api=1&destination=Blue%20Ridge%20Parkway%20Milepost%2013.7%2C%20Roseland%2C%20VA%2022967,Hiking,false,https://www.google.com/maps/dir/?api=1&destination=Blue%20Ridge%20Parkway%20Milepost%2013.7%2C%20Roseland%2C%20VA%2022967
76,Montebello Nature Trail,montebello-nature-trail,Hikes & Trails,,Montebello,"Half-mile nature walk beside Montebello’s former fish hatchery stream with fern-lined banks, benches, and steady bird activity.","Half-mile nature walk beside Montebello’s former fish hatchery stream with fern-lined banks, benches, and steady bird activity.",https://ik.imagekit.io/OE/nelson-county/listings/montebello-nature-trail-image1_Uvj7h3IC1,Scenic view from Montebello Nature Trail,,,,,,,,,(540) 377-2650,"359 Fish Hatchery Lane, Montebello, VA 24464",josh,,,https://www.google.com/maps/dir/?api=1&destination=359%20Fish%20Hatchery%20Lane%2C%20Montebello%2C%20VA%2024464,,false,https://www.google.com/maps/dir/?api=1&destination=359%20Fish%20Hatchery%20Lane%2C%20Montebello%2C%20VA%2024464
77,Nelson County Wilderness Area,nelson-county-wilderness-area,Hikes & Trails,,Montebello,"Protected wilderness spanning The Priest and Three Ridges with rugged Appalachian Trail miles, dramatic elevation changes, and backcountry solitude.","Protected wilderness spanning The Priest and Three Ridges with rugged Appalachian Trail miles, dramatic elevation changes, and backcountry solitude.",https://ik.imagekit.io/OE/nelson-county/listings/nelson-county-wilderness-area-image1_kdVr3IMtp,Scenic view from Nelson County Wilderness Area,,,,,,,,,(434) 263-7015,"George Washington National Forest, Montebello, VA 24464",josh,,,https://www.google.com/maps/dir/?api=1&destination=George%20Washington%20National%20Forest%2C%20Montebello%2C%20VA%2024464,Hiking,false,https://www.google.com/maps/dir/?api=1&destination=George%20Washington%20National%20Forest%2C%20Montebello%2C%20VA%2024464
78,North Fork of the Piney River,north-fork-of-the-piney-river,Hikes & Trails,,Piney River,"Scenic drive and short riverside stroll showcasing Piney River cascades, stocked fishing holes, and swimming spots in Nelson County.","Scenic drive and short riverside stroll showcasing Piney River cascades, stocked fishing holes, and swimming spots in Nelson County.",https://ik.imagekit.io/OE/nelson-county/listings/north-fork-of-the-piney-river-image1_-MuJGSrnG,Exterior view of North Fork of the Piney River,,,,,,,,,(434) 263-7015,"Piney River, VA 22964",josh,,,https://www.google.com/maps/dir/?api=1&destination=Piney%20River%2C%20VA%2022964,Water Sports,false,https://www.google.com/maps/dir/?api=1&destination=Piney%20River%2C%20VA%2022964
79,Old Appalachian Trail,old-appalachian-trail,Hikes & Trails,,Wintergreen Resort,"3.3-mile former Appalachian Trail alignment with greenstone ledges, Shenandoah Valley overlooks, and spring wildflowers across multiple access points.","3.3-mile former Appalachian Trail alignment with greenstone ledges, Shenandoah Valley overlooks, and spring wildflowers across multiple access points.",https://ik.imagekit.io/OE/nelson-county/listings/old-appalachian-trail-image1_mjlB71z_w,Scenic view from Old Appalachian Trail,,,,,,,,,(434) 263-7015,"8519 Thomas Nelson Hwy, Lovingston, VA 22949",josh,,,https://www.google.com/maps/dir/?api=1&destination=8519%20Thomas%20Nelson%20Hwy%2C%20Lovingston%2C%20VA%2022949,Hiking,false,https://www.google.com/maps/dir/?api=1&destination=8519%20Thomas%20Nelson%20Hwy%2C%20Lovingston%2C%20VA%2022949
80,Paul’s Creek Trail,pauls-creek-trail,Hikes & Trails,,Wintergreen Resort,0.6-mile blue-blazed valley hike culminating at Paul’s Creek waterfalls with smooth rock slabs and family-friendly cascades near Wintergreen.,0.6-mile blue-blazed valley hike culminating at Paul’s Creek waterfalls with smooth rock slabs and family-friendly cascades near Wintergreen.,https://ik.imagekit.io/OE/nelson-county/listings/paul-s-creek-trail-image1_MwER-wYqT,Scenic view from Paul’s Creek Trail,,,,,,,,,(434) 263-7015,"8519 Thomas Nelson Hwy, Lovingston, VA 22949",josh,,,https://www.google.com/maps/dir/?api=1&destination=8519%20Thomas%20Nelson%20Hwy%2C%20Lovingston%2C%20VA%2022949,Family Friendly,false,https://www.google.com/maps/dir/?api=1&destination=8519%20Thomas%20Nelson%20Hwy%2C%20Lovingston%2C%20VA%2022949
81,Pedlars Edge Trail,pedlars-edge-trail,Hikes & Trails,,Wintergreen Resort,"1.6-mile difficult red trail paralleling Blackrock with pedlar formation geology, open powerline birding, and wildflower-rich edge habitat.","1.6-mile difficult red trail paralleling Blackrock with pedlar formation geology, open powerline birding, and wildflower-rich edge habitat.",https://ik.imagekit.io/OE/nelson-county/listings/pedlars-edge-trail-image1_vnTLjWNB-,Scenic view from Pedlars Edge Trail,,,,,,,,,(434) 263-7015,"8519 Thomas Nelson Hwy, Lovingston, VA 22949",josh,,,https://www.google.com/maps/dir/?api=1&destination=8519%20Thomas%20Nelson%20Hwy%2C%20Lovingston%2C%20VA%2022949,,false,https://www.google.com/maps/dir/?api=1&destination=8519%20Thomas%20Nelson%20Hwy%2C%20Lovingston%2C%20VA%2022949
82,Pond Hollow Trail,pond-hollow-trail,Hikes & Trails,,Wintergreen Resort,"One-mile red-blazed route along a geologic fault line with displaced boulders, varied plant communities, and bobcat-friendly habitat.","One-mile red-blazed route along a geologic fault line with displaced boulders, varied plant communities, and bobcat-friendly habitat.",https://ik.imagekit.io/OE/nelson-county/listings/pond-hollow-trail-image1_Ej7WY6jiu,Exterior view of Pond Hollow Trail,,,,,,,,,(434) 263-7015,"8519 Thomas Nelson Hwy, Lovingston, VA 22949",josh,,,https://www.google.com/maps/dir/?api=1&destination=8519%20Thomas%20Nelson%20Hwy%2C%20Lovingston%2C%20VA%2022949,,false,https://www.google.com/maps/dir/?api=1&destination=8519%20Thomas%20Nelson%20Hwy%2C%20Lovingston%2C%20VA%2022949
83,Ravens Roost Park,ravens-roost-park,Hikes & Trails,,Wintergreen Resort,"0.5-mile yellow loop through mixed forest with wildflower displays, solitude, and access from White Oak Drive or Wintergreen Drive.","0.5-mile yellow loop through mixed forest with wildflower displays, solitude, and access from White Oak Drive or Wintergreen Drive.",https://ik.imagekit.io/OE/nelson-county/listings/ravens-roost-park-image1_1twDjr3Lr,Exterior view of Ravens Roost Park,,,,,,,,,(434) 263-7015,"8519 Thomas Nelson Hwy, Lovingston, VA 22949",josh,,,https://www.google.com/maps/dir/?api=1&destination=8519%20Thomas%20Nelson%20Hwy%2C%20Lovingston%2C%20VA%2022949,Seasonal Menu; Hiking,false,https://www.google.com/maps/dir/?api=1&destination=8519%20Thomas%20Nelson%20Hwy%2C%20Lovingston%2C%20VA%2022949
84,Shamokin Springs Nature Preserve,shamokin-springs-nature-preserve,Hikes & Trails,,Lovingston,"0.3-mile preserve loop protecting high-elevation wetlands with braided streams, northern plant species, and easy access for families.","0.3-mile preserve loop protecting high-elevation wetlands with braided streams, northern plant species, and easy access for families.",https://ik.imagekit.io/OE/nelson-county/listings/shamokin-springs-nature-preserve-image1_06TPiH1-t,Exterior view of Shamokin Springs Nature Preserve,,https://ik.imagekit.io/OE/nelson-county/listings/shamokin-springs-nature-preserve-image2_sDnCAzjbr,Interior view of Shamokin Springs Nature Preserve,,,,,,(434) 263-7015,"8519 Thomas Nelson Hwy, Lovingston, VA 22949",josh,,,https://www.google.com/maps/dir/?api=1&destination=8519%20Thomas%20Nelson%20Hwy%2C%20Lovingston%2C%20VA%2022949,Educational; Family Friendly,false,https://www.google.com/maps/dir/?api=1&destination=8519%20Thomas%20Nelson%20Hwy%2C%20Lovingston%2C%20VA%2022949
85,The Plunge,the-plunge,Hikes & Trails,,Wintergreen Resort,"Short yellow access spur to Blackrock featuring steep pedlar gneiss formations, panoramic overlooks, and a signature family photo spot.","Short yellow access spur to Blackrock featuring steep pedlar gneiss formations, panoramic overlooks, and a signature family photo spot.",https://ik.imagekit.io/OE/nelson-county/listings/the-plunge-image1_RX1pJhwfh,Scenic view from The Plunge,,,,,,,,,(434) 263-7015,"8519 Thomas Nelson Hwy, Lovingston, VA 22949",josh,,,https://www.google.com/maps/dir/?api=1&destination=8519%20Thomas%20Nelson%20Hwy%2C%20Lovingston%2C%20VA%2022949,Family Friendly,false,https://www.google.com/maps/dir/?api=1&destination=8519%20Thomas%20Nelson%20Hwy%2C%20Lovingston%2C%20VA%2022949
86,Trillium Field,trillium-field,Hikes & Trails,,Wintergreen Resort,"Easy 0.1-mile stroll where thousands of trillium bloom each May along Wintergreen Drive and Devils Knob Loop, with wildflowers through summer.","Easy 0.1-mile stroll where thousands of trillium bloom each May along Wintergreen Drive and Devils Knob Loop, with wildflowers through summer.",https://ik.imagekit.io/OE/nelson-county/listings/trillium-field-image1_7pHAG-Gk3,Exterior view of Trillium Field,,,,,,,,,(434) 263-7015,"8519 Thomas Nelson Hwy, Lovingston, VA 22949",josh,,,https://www.google.com/maps/dir/?api=1&destination=8519%20Thomas%20Nelson%20Hwy%2C%20Lovingston%2C%20VA%2022949,Seasonal Menu,false,https://www.google.com/maps/dir/?api=1&destination=8519%20Thomas%20Nelson%20Hwy%2C%20Lovingston%2C%20VA%2022949
87,Upper Shamokin Falls Trail,upper-shamokin-falls-trail,Hikes & Trails,,Wintergreen Resort,"0.4-mile yellow trail to Upper Shamokin Falls with evergreen ferns, wildflowers, and camera-ready cascades near Wintergreen.","0.4-mile yellow trail to Upper Shamokin Falls with evergreen ferns, wildflowers, and camera-ready cascades near Wintergreen.",https://ik.imagekit.io/OE/nelson-county/listings/upper-shamokin-falls-trail-image1_ce-OXirm6,Scenic view from Upper Shamokin Falls Trail,,,,,,,,,(434) 263-7015,"8519 Thomas Nelson Hwy, Lovingston, VA 22949",josh,,,https://www.google.com/maps/dir/?api=1&destination=8519%20Thomas%20Nelson%20Hwy%2C%20Lovingston%2C%20VA%2022949,Family Friendly; Hiking,false,https://www.google.com/maps/dir/?api=1&destination=8519%20Thomas%20Nelson%20Hwy%2C%20Lovingston%2C%20VA%2022949
88,Upper Shamokin Gorge Trail,upper-shamokin-gorge-trail,Hikes & Trails,,Wintergreen Resort,"Challenging 0.8-mile red trail in the Upper Shamokin Gorge with stream crossings, lush understory, and links to the Appalachian Trail.","Challenging 0.8-mile red trail in the Upper Shamokin Gorge with stream crossings, lush understory, and links to the Appalachian Trail.",https://ik.imagekit.io/OE/nelson-county/listings/upper-shamokin-gorge-trail-image1_tKh9Zdsqi,Scenic view from Upper Shamokin Gorge Trail,,,,,,,,,(434) 263-7015,"8519 Thomas Nelson Hwy, Lovingston, VA 22949",josh,,,https://www.google.com/maps/dir/?api=1&destination=8519%20Thomas%20Nelson%20Hwy%2C%20Lovingston%2C%20VA%2022949,Hiking,false,https://www.google.com/maps/dir/?api=1&destination=8519%20Thomas%20Nelson%20Hwy%2C%20Lovingston%2C%20VA%2022949
89,White Oak Trail,white-oak-trail,Hikes & Trails,,Wintergreen Resort,"0.5-mile moderate yellow trail offering bird-friendly woods, wildflowers, and a quiet loop accessible from White Oak or Wintergreen drives.","0.5-mile moderate yellow trail offering bird-friendly woods, wildflowers, and a quiet loop accessible from White Oak or Wintergreen drives.",https://ik.imagekit.io/OE/nelson-county/listings/white-oak-trail-image1_X40JzxeuX,Scenic view from White Oak Trail,,,,,,,,,(434) 263-7015,"8519 Thomas Nelson Hwy, Lovingston, VA 22949",josh,,,https://www.google.com/maps/dir/?api=1&destination=8519%20Thomas%20Nelson%20Hwy%2C%20Lovingston%2C%20VA%2022949,Seasonal Menu; Hiking,false,https://www.google.com/maps/dir/?api=1&destination=8519%20Thomas%20Nelson%20Hwy%2C%20Lovingston%2C%20VA%2022949
90,White Rock Falls,white-rock-falls,Hikes & Trails,,Montebello,"2.5-mile moderate waterfall hike with natural wading pools, gorge views, and options to extend via the Slacks Overlook loop on the Parkway.","2.5-mile moderate waterfall hike with natural wading pools, gorge views, and options to extend via the Slacks Overlook loop on the Parkway.",https://ik.imagekit.io/OE/nelson-county/listings/white-rock-falls-image1_t3PUF_tMy,Scenic view from White Rock Falls,,,,,,,,,(434) 263-7015,"Blue Ridge Parkway Milepost 19, Montebello, VA 24464",josh,,,https://www.google.com/maps/dir/?api=1&destination=Blue%20Ridge%20Parkway%20Milepost%2019%2C%20Montebello%2C%20VA%2024464,Pool,false,https://www.google.com/maps/dir/?api=1&destination=Blue%20Ridge%20Parkway%20Milepost%2019%2C%20Montebello%2C%20VA%2024464
91,Three Ridges,three-ridges,Hikes & Trails,,Tyro,"Difficult 13.3-mile Three Ridges loop combining the Appalachian Trail and Mau-Har for waterfalls, rugged ridgelines, and overnight backcountry camping.","Difficult 13.3-mile Three Ridges loop combining the Appalachian Trail and Mau-Har for waterfalls, rugged ridgelines, and overnight backcountry camping.",https://ik.imagekit.io/OE/nelson-county/listings/three-ridges-image1_FeDL-sZPk,Scenic view from Three Ridges,,,,,,,,,(434) 263-7015,"Reeds Gap Trailhead, Route 664, Roseland, VA 22967",josh,,,https://www.google.com/maps/dir/?api=1&destination=Reeds%20Gap%20Trailhead%2C%20Route%20664%2C%20Roseland%2C%20VA%2022967,Hiking,false,https://www.google.com/maps/dir/?api=1&destination=Reeds%20Gap%20Trailhead%2C%20Route%20664%2C%20Roseland%2C%20VA%2022967
92,Stoney Creek Park,stoney-creek-park,Hikes & Trails,,Wintergreen Resort,"Community linear park in Stoney Creek with creekside walking path, new picnic areas, benches, and easy terrain for families.","Community linear park in Stoney Creek with creekside walking path, new picnic areas, benches, and easy terrain for families.",https://ik.imagekit.io/OE/nelson-county/listings/stoney-creek-park-image1_Jb225aVyuc,Exterior view of Stoney Creek Park,,,,,,,,,(434) 263-7015,"Stoney Creek West Drive, Nellysford, VA 22958",josh,,,https://www.google.com/maps/dir/?api=1&destination=Stoney%20Creek%20West%20Drive%2C%20Nellysford%2C%20VA%2022958,Picnic Area; Family Friendly; Parking,false,https://www.google.com/maps/dir/?api=1&destination=Stoney%20Creek%20West%20Drive%2C%20Nellysford%2C%20VA%2022958
93,Spy Rock,spy-rock,Hikes & Trails,,Montebello,"Alternative 6.5-mile round-trip route to Spy Rock via Meadows Lane featuring sustained climbs, rocky scrambles, and sweeping summit panoramas.","Alternative 6.5-mile round-trip route to Spy Rock via Meadows Lane featuring sustained climbs, rocky scrambles, and sweeping summit panoramas.",https://ik.imagekit.io/OE/nelson-county/listings/spy-rock-image1_1KwRYk5CN,Exterior view of Spy Rock,,,,,,,,,(540) 265-5100,"Meadows Lane (SR 826) Trailhead, Montebello, VA 24464",josh,,,https://www.google.com/maps/dir/?api=1&destination=Meadows%20Lane%20%28SR%20826%29%20Trailhead%2C%20Montebello%2C%20VA%2024464,Scenic Views,false,https://www.google.com/maps/dir/?api=1&destination=Meadows%20Lane%20%28SR%20826%29%20Trailhead%2C%20Montebello%2C%20VA%2024464
94,Spruce Creek Park,spruce-creek-park,Hikes & Trails,,Nellysford,"Spruce Creek Park trail hub in Nellysford connecting multiple Rockfish Valley Foundation paths, native plant gardens, and the Natural History Center.","Spruce Creek Park trail hub in Nellysford connecting multiple Rockfish Valley Foundation paths, native plant gardens, and the Natural History Center.",https://ik.imagekit.io/OE/nelson-county/listings/spruce-creek-park-image1_dQTxUZJOD,Scenic view from Spruce Creek Park,,,,,,,,,(434) 361-0271,"1368 Rockfish Valley Highway, Nellysford, VA 22958",josh,,,https://www.google.com/maps/dir/?api=1&destination=1368%20Rockfish%20Valley%20Highway%2C%20Nellysford%2C%20VA%2022958,Hiking,false,https://www.google.com/maps/dir/?api=1&destination=1368%20Rockfish%20Valley%20Highway%2C%20Nellysford%2C%20VA%2022958
95,Rockfish Valley Loop Trails,rockfish-valley-loop-trails,Hikes & Trails,,Nellysford,"Flat four-mile network skirting the Rockfish River and Reid’s Creek with birding hotspots, interpretive signage, and farm-country views.","Flat four-mile network skirting the Rockfish River and Reid’s Creek with birding hotspots, interpretive signage, and farm-country views.",https://ik.imagekit.io/OE/nelson-county/listings/rockfish-valley-loop-trails-image1_pCdYf7Kn0,Exterior of Rockfish Valley Loop Trails farm,,,,,,,,,(434) 361-0126,"Rockfish Valley Loop Trailhead, 1368 Rockfish Valley Highway, Nellysford, VA 22958",josh,,,https://www.google.com/maps/dir/?api=1&destination=Rockfish%20Valley%20Loop%20Trailhead%2C%201368%20Rockfish%20Valley%20Highway%2C%20Nellysford%2C%20VA%2022958,Hiking; Educational,false,https://www.google.com/maps/dir/?api=1&destination=Rockfish%20Valley%20Loop%20Trailhead%2C%201368%20Rockfish%20Valley%20Highway%2C%20Nellysford%2C%20VA%2022958
96,Blue Ridge Parkway Loops,blue-ridge-parkway-loops,Biking,,Nelson County,"Scenic 22- or 40-mile Blue Ridge Parkway cycling loop starting near Love, Virginia, with sweeping Shenandoah Valley overlooks, Parkway climbs, and Route 76 tie-ins.","Scenic 22- or 40-mile Blue Ridge Parkway cycling loop starting near Love, Virginia, with sweeping Shenandoah Valley overlooks, Parkway climbs, and Route 76 tie-ins.",https://ik.imagekit.io/OE/nelson-county/listings/blue-ridge-parkway-loops-image1_ned_KWOT2,Exterior view of Blue Ridge Parkway Loops,,,,,,,,,(434) 263-7015,"Milepost 16, Blue Ridge Parkway, Love, VA 22952",josh,,,https://www.google.com/maps/dir/?api=1&destination=Milepost%2016%2C%20Blue%20Ridge%20Parkway%2C%20Love%2C%20VA%2022952,Hiking; Scenic Views,false,https://www.google.com/maps/dir/?api=1&destination=Milepost%2016%2C%20Blue%20Ridge%20Parkway%2C%20Love%2C%20VA%2022952
97,Oak Ridge Loop,oak-ridge-loop,Biking,,Nelson County,29-mile Oak Ridge cycling loop rolling through Route 56 and Rockfish Valley backroads with historic estate views and low-traffic farm lanes.,29-mile Oak Ridge cycling loop rolling through Route 56 and Rockfish Valley backroads with historic estate views and low-traffic farm lanes.,https://ik.imagekit.io/OE/nelson-county/listings/oak-ridge-loop-image1_C_eilCHEx,Exterior of Oak Ridge Loop farm,,https://ik.imagekit.io/OE/nelson-county/listings/oak-ridge-loop-image2__dpCyljnt,Farm view at Oak Ridge Loop,,,,,,(434) 263-7015,"1010 Oak Ridge Road, Arrington, VA 22922",josh,,,https://www.google.com/maps/dir/?api=1&destination=1010%20Oak%20Ridge%20Road%2C%20Arrington%2C%20VA%2022922,Retail,false,https://www.google.com/maps/dir/?api=1&destination=1010%20Oak%20Ridge%20Road%2C%20Arrington%2C%20VA%2022922
98,Woodson's Mill Loop,woodsons-mill-loop,Biking,,Nelson County,24-mile Woodson’s Mill ride beginning at the historic gristmill in Lowesville and circling through Massies Mill and Route 680 countryside.,24-mile Woodson’s Mill ride beginning at the historic gristmill in Lowesville and circling through Massies Mill and Route 680 countryside.,https://ik.imagekit.io/OE/nelson-county/listings/woodson-s-mill-loop-image1_yiXWRoa0o,Exterior view of Woodson's Mill Loop,,,,,,,,,(434) 263-7015,"3211 Lowesville Road, Roseland, VA 22967",josh,,,https://www.google.com/maps/dir/?api=1&destination=3211%20Lowesville%20Road%2C%20Roseland%2C%20VA%2022967,Scenic Views,false,https://www.google.com/maps/dir/?api=1&destination=3211%20Lowesville%20Road%2C%20Roseland%2C%20VA%2022967
99,Walton's Mountain Museum Loop,waltons-mountain-museum-loop,Biking,,Nelson County,31-mile Schuyler countryside loop from Walton’s Mountain Museum past the James River and Esmont farms with plenty of quiet ridge lines.,31-mile Schuyler countryside loop from Walton’s Mountain Museum past the James River and Esmont farms with plenty of quiet ridge lines.,https://ik.imagekit.io/OE/nelson-county/listings/walton-s-mountain-museum-loop-image1_anr51axUp,Exterior of Walton's Mountain Museum Loop farm,,,,,,,,,(434) 263-7015,"6484 Rockfish River Road, Schuyler, VA 22969",josh,,,https://www.google.com/maps/dir/?api=1&destination=6484%20Rockfish%20River%20Road%2C%20Schuyler%2C%20VA%2022969,Scenic Views; Hiking,false,https://www.google.com/maps/dir/?api=1&destination=6484%20Rockfish%20River%20Road%2C%20Schuyler%2C%20VA%2022969
100,Virginia Blue Ridge Railway Trail,virginia-blue-ridge-railway-trail,Biking,,Piney River,"7-mile crushed-stone rail trail along the Piney and Tye rivers with dual trailheads, equestrian access, and seasonal wildflowers.","7-mile crushed-stone rail trail along the Piney and Tye rivers with dual trailheads, equestrian access, and seasonal wildflowers.",https://ik.imagekit.io/OE/nelson-county/listings/virginia-blue-ridge-railway-trail-image1_gb6HkVrGb,Scenic view from Virginia Blue Ridge Railway Trail,,,,,,,,,(434) 263-7130,"3124 Patrick Henry Highway, Piney River, VA 22964",josh,,,https://www.google.com/maps/dir/?api=1&destination=3124%20Patrick%20Henry%20Highway%2C%20Piney%20River%2C%20VA%2022964,Equestrian; Scenic Views,false,https://www.google.com/maps/dir/?api=1&destination=3124%20Patrick%20Henry%20Highway%2C%20Piney%20River%2C%20VA%2022964
101,Nelson Scenic Loop,nelson-scenic-loop,Biking,,Tyro,"50-mile Nelson Scenic Loop combining Route 151, Route 664, the Blue Ridge Parkway, and Route 56 for mountain vistas, orchards, and craft beverages.","50-mile Nelson Scenic Loop combining Route 151, Route 664, the Blue Ridge Parkway, and Route 56 for mountain vistas, orchards, and craft beverages.",https://ik.imagekit.io/OE/nelson-county/listings/nelson-scenic-loop-image1_RICn_P7cl8,Exterior of Nelson Scenic Loop farm,,,,,,,,,(434) 263-7015,"Route 151 & Route 664 Junction, Nellysford, VA 22958",josh,,,https://www.google.com/maps/dir/?api=1&destination=Route%20151%20%26%20Route%20664%20Junction%2C%20Nellysford%2C%20VA%2022958,Educational; Scenic Views,false,https://www.google.com/maps/dir/?api=1&destination=Route%20151%20%26%20Route%20664%20Junction%2C%20Nellysford%2C%20VA%2022958
